max-mb,res-mb,max-vcores,cpu-vcores,vmem:pmem,cpu-limit,CPU_MILLISECONDS,PHYSICAL_MEMORY_BYTES,VIRTUAL_MEMORY_BYTES,COMMITTED_HEAP_BYTES,elapsedTime,
4096,256,16,16,2,100,10900,278118400,841617408,203423744,1
4096,256,16,16,2,100,11160,282554368,837062656,208666624,0
4096,256,16,16,2,100,11130,283086848,835715072,208666624,0
4096,256,16,16,2,100,2970,295424000,837820416,200802304,1
4096,256,16,16,2,100,11450,286330880,837324800,208666624,0
4096,256,16,16,2,100,10810,274509824,840794112,199753728,1
4096,256,16,16,2,100,11030,283340800,837562368,208666624,0
4096,256,16,16,2,100,11390,283758592,837480448,208666624,0
4096,256,16,16,2,100,12050,283316224,834486272,208666624,0
4096,256,16,16,2,100,14060,263602176,839008256,209190912,0
4096,256,16,16,2,100,13860,265760768,836861952,209190912,0
4096,256,16,16,2,100,14110,272494592,833138688,209190912,0
4096,256,16,16,2,100,14260,279224320,840458240,209190912,0
4096,256,16,16,2,100,12910,273059840,838971392,201850880,1
4096,256,16,16,2,100,14290,261197824,832774144,206569472,0
4096,256,16,16,2,100,13970,263180288,837996544,209190912,0
4096,256,16,16,2,100,13030,275914752,841011200,206569472,1
4096,256,16,16,2,100,10630,269885440,833818624,203423744,1
4096,256,16,16,2,100,1410,271159296,834412544,201850880,1
4096,256,16,16,2,100,1350,277729280,834674688,200802304,1
4096,256,16,16,2,100,11070,284827648,835264512,208666624,0
4096,256,16,16,2,100,1340,273989632,835665920,201850880,1
4096,256,16,16,2,100,1400,278114304,833949696,200802304,1
4096,256,16,16,2,100,10800,289824768,836501504,208666624,1
4096,256,16,16,2,100,11830,282382336,837382144,208666624,0
4096,256,16,16,2,100,1330,278765568,832282624,200802304,1
4096,256,16,16,2,100,1330,271372288,834928640,202899456,1
4096,256,16,16,2,100,11470,288268288,837341184,208666624,0
4096,256,16,16,2,100,10860,272842752,837722112,197656576,0
4096,256,16,16,2,100,1460,278990848,834564096,200802304,1
4096,256,16,16,2,100,11270,286257152,838606848,208666624,1
4096,256,16,16,2,100,10580,271572992,834895872,201326592,1
4096,256,16,16,2,100,1250,277954560,838533120,196083712,1
4096,256,16,16,2,100,14240,270352384,838512640,209190912,0
4096,256,16,16,2,100,14250,257454080,835936256,201850880,0
4096,256,16,16,2,100,14000,269590528,836800512,209190912,0
4096,256,16,16,2,100,14630,260665344,836206592,203948032,0
4096,256,16,16,2,100,14110,272363520,838307840,209190912,0
4096,256,16,16,2,100,13060,277897216,838737920,206569472,1
4096,256,16,16,2,100,13170,274673664,841449472,199753728,1
4096,256,16,16,2,100,14010,263700480,836096000,206569472,0
4096,256,16,16,2,100,1360,278798336,835727360,200802304,1
4096,256,16,16,2,100,11020,276828160,841261056,208666624,1
4096,256,16,16,2,100,11590,278900736,834473984,208666624,0
4096,256,16,16,2,100,10890,285077504,835039232,208666624,1
4096,256,16,16,2,100,1360,280150016,835858432,200802304,1
4096,256,16,16,2,100,1290,272564224,833810432,201850880,1
4096,256,16,16,2,100,1300,276140032,834719744,200802304,1
4096,256,16,16,2,100,11820,271970304,834772992,203423744,0
4096,256,16,16,2,100,11020,281997312,836747264,208666624,0
4096,256,16,16,2,30,10730,294068224,837730304,208666624,1
4096,256,16,16,2,30,1340,275898368,831504384,200802304,1
4096,256,16,16,2,30,1250,277143552,834297856,200802304,1
4096,256,16,16,2,30,1340,280895488,832937984,200802304,1
4096,256,16,16,2,30,10890,284041216,835121152,208666624,0
4096,256,16,16,2,30,1400,269099008,832802816,202899456,1
4096,256,16,16,2,30,10410,274763776,835780608,203423744,1
4096,256,16,16,2,30,12870,272203776,835891200,206569472,1
4096,256,16,16,2,30,14730,269651968,836530176,209190912,0
4096,256,16,16,2,30,14270,269430784,836558848,209190912,0
4096,256,16,16,2,30,13090,277037056,837804032,209190912,1
4096,256,16,16,2,30,14410,268558336,835874816,209190912,0
4096,256,16,16,2,30,14290,268103680,836554752,209190912,0
4096,256,16,16,2,30,14300,268685312,836665344,209190912,0
4096,256,16,16,2,30,14200,268234752,836820992,208666624,0
4096,256,16,16,2,30,11060,280588288,832954368,208666624,0
4096,256,16,16,2,30,11500,283594752,838385664,208666624,0
4096,256,16,16,2,30,10820,272023552,836550656,199753728,0
4096,256,16,16,2,30,10730,279592960,838414336,203423744,1
4096,256,16,16,2,30,11420,285769728,839041024,208666624,0
4096,256,16,16,2,30,12000,283992064,838307840,208666624,0
4096,256,16,16,2,30,3060,272527360,831995904,201326592,1
4096,256,16,16,2,30,10920,286822400,836460544,208666624,0
4096,256,16,16,2,30,10820,271896576,836919296,195559424,1
4096,256,16,16,2,30,14060,270479360,837705728,208666624,0
4096,256,16,16,2,30,14190,257773568,835780608,201850880,0
4096,256,16,16,2,30,14170,269611008,835481600,209190912,0
4096,256,16,16,2,30,14010,270516224,836468736,208666624,0
4096,256,16,16,2,30,12980,276189184,839008256,201850880,1
4096,256,16,16,2,30,14230,275202048,836288512,209190912,0
4096,256,16,16,2,30,13150,270213120,835457024,203948032,1
4096,256,16,16,2,30,14370,271405056,839147520,209190912,0
4096,256,16,16,2,30,11940,281800704,835674112,208666624,0
4096,256,16,16,2,30,1320,278573056,831881216,200802304,1
4096,256,16,16,2,30,1360,278142976,833794048,200802304,1
4096,256,16,16,2,30,10510,290426880,835964928,208666624,1
4096,256,16,16,2,30,10950,285896704,837550080,208666624,0
4096,256,16,16,2,30,1420,277807104,832557056,193462272,1
4096,256,16,16,2,30,11490,283111424,837046272,208666624,0
4096,256,16,16,2,30,1490,270934016,833429504,201850880,1
4096,256,16,16,2,30,11190,289869824,836935680,208666624,1
4096,256,16,16,2,30,1330,282533888,837554176,193986560,1
4096,256,16,16,2,30,10910,284565504,834187264,208666624,1
4096,256,16,16,2,30,10350,278302720,843726848,199229440,1
4096,256,16,16,2,30,1330,280662016,835010560,200802304,1
4096,256,16,16,2,30,1330,279191552,835850240,200802304,1
4096,256,16,16,2,30,10930,284241920,838250496,208666624,0
4096,256,16,16,2,30,1390,274534400,833175552,196083712,1
4096,256,16,16,2,30,13040,271372288,835846144,206569472,0
4096,256,16,16,2,30,12950,271732736,835354624,203948032,0
4096,256,16,16,6.5,100,14020,275009536,838660096,209190912,0
4096,256,16,16,6.5,100,13990,264458240,839008256,203948032,0
4096,256,16,16,6.5,100,14210,272039936,835260416,209190912,0
4096,256,16,16,6.5,100,14150,264544256,836194304,201850880,0
4096,256,16,16,6.5,100,14170,261730304,837758976,203948032,0
4096,256,16,16,6.5,100,14330,273989632,836403200,209190912,0
4096,256,16,16,6.5,100,1380,277549056,833392640,193986560,1
4096,256,16,16,6.5,100,1380,276459520,831815680,200802304,1
4096,256,16,16,6.5,100,10840,285421568,837488640,208666624,1
4096,256,16,16,6.5,100,10450,288518144,837742592,208666624,1
4096,256,16,16,6.5,100,1350,281231360,841740288,196083712,1
4096,256,16,16,6.5,100,1350,278544384,833671168,200802304,1
4096,256,16,16,6.5,100,11090,287227904,835620864,208666624,0
4096,256,16,16,6.5,100,11960,292405248,842817536,208666624,0
4096,256,16,16,6.5,100,1330,271646720,832978944,202899456,1
4096,256,16,16,6.5,100,10410,272199680,835031040,199229440,1
4096,256,16,16,6.5,100,10900,282882048,835649536,208666624,0
4096,256,16,16,6.5,100,11250,271147008,836476928,205520896,0
4096,256,16,16,6.5,100,1380,278511616,833851392,200802304,1
4096,256,16,16,6.5,100,1320,276942848,833458176,200802304,1
4096,256,16,16,6.5,100,1380,274296832,832983040,201850880,1
4096,256,16,16,6.5,100,11200,293117952,836055040,208666624,1
4096,256,16,16,6.5,100,14360,269070336,837943296,209190912,0
4096,256,16,16,6.5,100,14040,267534336,837480448,209190912,0
4096,256,16,16,6.5,100,14400,254304256,837603328,206569472,0
4096,256,16,16,6.5,100,14340,267882496,837447680,209190912,0
4096,256,16,16,6.5,100,13130,276176896,839192576,203948032,1
4096,256,16,16,6.5,100,14110,266612736,837373952,209190912,0
4096,256,16,16,6.5,100,14600,270491648,835342336,209190912,0
4096,256,16,16,6.5,100,13160,272801792,841109504,201850880,1
4096,256,16,16,6.5,100,10820,274141184,836771840,208666624,1
4096,256,16,16,6.5,100,10860,283037696,837529600,208666624,1
4096,256,16,16,6.5,100,3060,269975552,834957312,203423744,1
4096,256,16,16,6.5,100,10870,283484160,836755456,208666624,0
4096,256,16,16,6.5,100,12000,292519936,839049216,208666624,0
4096,256,16,16,6.5,100,11090,301477888,846032896,208666624,0
4096,256,16,16,6.5,100,10980,287760384,836235264,208666624,0
4096,256,16,16,6.5,100,11230,271282176,835112960,199753728,0
4096,256,16,16,6.5,100,11480,287633408,837369856,208666624,0
4096,256,16,16,6.5,100,14460,258613248,837373952,206569472,0
4096,256,16,16,6.5,100,14300,268361728,837730304,208666624,0
4096,256,16,16,6.5,100,14420,268238848,834224128,209190912,0
4096,256,16,16,6.5,100,14220,268861440,836530176,209190912,0
4096,256,16,16,6.5,100,14290,270462976,838328320,209190912,0
4096,256,16,16,6.5,100,13150,269287424,835371008,201850880,1
4096,256,16,16,6.5,100,14040,258654208,838459392,209190912,0
4096,256,16,16,6.5,100,13050,271437824,835649536,203948032,1
4096,256,16,16,6.5,100,1350,277651456,832798720,200802304,1
4096,256,16,16,6.5,100,10940,284987392,837308416,208666624,0
4096,256,16,16,6.5,100,1420,272736256,834002944,201850880,1
4096,256,16,16,6.5,30,1380,271851520,833695744,196083712,1
4096,256,16,16,6.5,30,10700,271507456,836710400,203423744,0
4096,256,16,16,6.5,30,1350,266653696,834285568,202899456,1
4096,256,16,16,6.5,30,10600,293335040,838270976,208666624,1
4096,256,16,16,6.5,30,1280,278237184,834703360,200802304,1
4096,256,16,16,6.5,30,11080,291794944,837980160,208666624,1
4096,256,16,16,6.5,30,11440,286756864,836374528,208666624,0
4096,256,16,16,6.5,30,10520,269266944,835649536,199229440,1
4096,256,16,16,6.5,30,1330,273924096,833290240,196083712,1
4096,256,16,16,6.5,30,11910,283328512,837267456,208666624,0
4096,256,16,16,6.5,30,1410,276926464,835117056,200802304,1
4096,256,16,16,6.5,30,10640,275484672,836341760,201326592,1
4096,256,16,16,6.5,30,1310,276418560,835100672,201850880,1
4096,256,16,16,6.5,30,14340,268025856,835645440,208666624,0
4096,256,16,16,6.5,30,14310,268455936,836165632,209190912,0
4096,256,16,16,6.5,30,12980,271171584,838008832,206569472,1
4096,256,16,16,6.5,30,13840,269197312,839131136,209190912,0
4096,256,16,16,6.5,30,14270,270548992,836829184,208666624,0
4096,256,16,16,6.5,30,14340,269107200,836804608,208142336,0
4096,256,16,16,6.5,30,12790,269914112,837750784,199753728,1
4096,256,16,16,6.5,30,14100,270700544,841617408,208666624,0
4096,256,16,16,6.5,30,1380,278503424,835244032,200802304,1
4096,256,16,16,6.5,30,1340,274755584,831385600,193986560,1
4096,256,16,16,6.5,30,11460,280735744,834404352,208666624,0
4096,256,16,16,6.5,30,1390,280100864,833126400,200802304,1
4096,256,16,16,6.5,30,10990,284524544,838410240,208666624,0
4096,256,16,16,6.5,30,10990,290783232,844779520,208666624,1
4096,256,16,16,6.5,30,1300,277688320,832548864,200802304,1
4096,256,16,16,6.5,30,1350,284577792,840351744,200802304,1
4096,256,16,16,6.5,30,11020,284643328,839589888,208666624,1
4096,256,16,16,6.5,30,11030,281518080,836014080,208666624,0
4096,256,16,16,6.5,30,1370,277123072,833474560,200802304,1
4096,256,16,16,6.5,30,10570,278614016,838467584,199229440,1
4096,256,16,16,6.5,30,1400,270495744,834424832,201850880,1
4096,256,16,16,6.5,30,1320,272244736,834142208,201850880,1
4096,256,16,16,6.5,30,10780,293199872,838467584,208666624,1
4096,256,16,16,6.5,30,11880,268816384,834363392,197656576,0
4096,256,16,16,6.5,30,14480,266465280,836685824,209190912,0
4096,256,16,16,6.5,30,13260,273129472,838578176,199753728,1
4096,256,16,16,6.5,30,14500,269348864,838238208,208666624,0
4096,256,16,16,6.5,30,14410,255270912,838758400,209190912,0
4096,256,16,16,6.5,30,13150,272797696,839712768,206569472,1
4096,256,16,16,6.5,30,14520,265998336,836775936,209190912,0
4096,256,16,16,6.5,30,14090,267218944,837279744,209190912,0
4096,256,16,16,6.5,30,14160,266698752,835776512,209190912,0
4096,256,16,16,6.5,30,11460,283230208,836239360,208666624,0
4096,256,16,16,6.5,30,11040,285462528,835379200,208666624,1
4096,256,16,16,6.5,30,11470,283684864,838275072,208666624,0
4096,256,16,16,6.5,30,10780,286789632,835407872,208666624,0
4096,256,16,16,6.5,30,12080,283820032,836923392,208666624,0
4096,256,16,4,2,100,3360,294400000,835051520,200802304,1
4096,256,16,4,2,100,10920,281878528,837165056,208666624,0
4096,256,16,4,2,100,11010,283078656,835637248,208666624,0
4096,256,16,4,2,100,10830,288407552,836685824,208666624,1
4096,256,16,4,2,100,14370,273838080,836952064,209190912,0
4096,256,16,4,2,100,15610,272556032,835837952,208666624,0
4096,256,16,4,2,100,14040,274128896,838316032,209190912,0
4096,256,16,4,2,100,14360,260308992,834150400,199229440,0
4096,256,16,4,2,100,13140,271810560,833175552,203948032,1
4096,256,16,4,2,100,13350,274124800,839172096,201850880,1
4096,256,16,4,2,100,14120,273928192,837099520,208666624,0
4096,256,16,4,2,100,14020,265101312,836714496,206569472,0
4096,256,16,4,2,100,1260,277229568,833851392,200802304,1
4096,256,16,4,2,100,10480,271093760,835342336,206045184,1
4096,256,16,4,2,100,10740,271036416,836767744,203423744,0
4096,256,16,4,2,100,1340,278700032,833789952,200802304,1
4096,256,16,4,2,100,1400,271781888,835497984,202899456,1
4096,256,16,4,2,100,1350,284004352,839135232,200802304,1
4096,256,16,4,2,100,1270,278298624,835620864,200802304,1
4096,256,16,4,2,100,11740,272171008,836567040,201850880,0
4096,256,16,4,2,100,11020,281026560,834048000,208666624,0
4096,256,16,4,2,100,1420,278839296,835317760,193986560,1
4096,256,16,4,2,100,10940,283090944,838737920,208666624,1
4096,256,16,4,2,100,1310,279650304,835883008,200802304,1
4096,256,16,4,2,100,10430,276566016,838705152,199229440,1
4096,256,16,4,2,100,1340,283389952,832946176,200802304,1
4096,256,16,4,2,100,10960,294965248,835080192,208666624,1
4096,256,16,4,2,100,11450,279711744,834433024,208666624,0
4096,256,16,4,2,100,14040,266948608,834134016,208666624,0
4096,256,16,4,2,100,13160,270585856,835739648,203948032,1
4096,256,16,4,2,100,13970,269389824,837394432,209190912,0
4096,256,16,4,2,100,14210,276627456,839479296,209190912,0
4096,256,16,4,2,100,14230,274395136,836919296,209190912,0
4096,256,16,4,2,100,13000,270655488,835346432,206569472,1
4096,256,16,4,2,100,14110,257748992,837005312,209190912,0
4096,256,16,4,2,100,14180,275677184,838066176,209190912,0
4096,256,16,4,2,100,11130,290648064,837398528,208666624,1
4096,256,16,4,2,100,11550,283918336,837947392,208666624,0
4096,256,16,4,2,100,10620,293892096,836681728,208666624,1
4096,256,16,4,2,100,10550,275947520,841551872,195035136,1
4096,256,16,4,2,100,1430,271314944,834166784,202899456,1
4096,256,16,4,2,100,1330,272244736,832618496,196083712,1
4096,256,16,4,2,100,1370,281047040,836673536,200802304,1
4096,256,16,4,2,100,1310,278392832,835002368,200802304,1
4096,256,16,4,2,100,10910,283369472,835088384,208666624,0
4096,256,16,4,2,100,10860,284266496,835186688,208666624,1
4096,256,16,4,2,100,1340,277635072,835317760,200802304,1
4096,256,16,4,2,100,10820,285323264,837357568,208666624,0
4096,256,16,4,2,100,1310,277110784,833024000,200802304,1
4096,256,16,4,2,100,11940,286343168,836141056,208666624,0
4096,256,16,4,2,30,1370,274771968,832577536,196083712,1
4096,256,16,4,2,30,1310,278147072,833789952,200802304,1
4096,256,16,4,2,30,13210,272789504,833982464,206569472,1
4096,256,16,4,2,30,14240,269570048,836935680,209190912,0
4096,256,16,4,2,30,14520,265887744,836276224,209190912,0
4096,256,16,4,2,30,14440,267218944,836857856,209190912,0
4096,256,16,4,2,30,14540,268435456,838705152,209190912,0
4096,256,16,4,2,30,14460,265400320,837902336,209190912,0
4096,256,16,4,2,30,14270,267284480,836030464,209190912,0
4096,256,16,4,2,30,12980,276254720,840560640,201850880,1
4096,256,16,4,2,30,11510,284061696,837840896,208666624,0
4096,256,16,4,2,30,11440,285749248,837345280,208666624,0
4096,256,16,4,2,30,3060,291692544,833929216,200802304,1
4096,256,16,4,2,30,10990,286228480,838504448,208666624,0
4096,256,16,4,2,30,10800,276414464,838275072,199229440,1
4096,256,16,4,2,30,10880,288014336,837582848,208666624,0
4096,256,16,4,2,30,11040,281997312,837337088,208666624,0
4096,256,16,4,2,30,10780,297181184,841711616,208666624,1
4096,256,16,4,2,30,11960,287952896,836673536,208666624,0
4096,256,16,4,2,30,13310,276606976,838696960,206569472,1
4096,256,16,4,2,30,12960,270753792,838885376,206569472,1
4096,256,16,4,2,30,14040,265994240,838250496,209190912,0
4096,256,16,4,2,30,14050,274759680,835670016,208666624,0
4096,256,16,4,2,30,14070,276496384,838774784,209190912,0
4096,256,16,4,2,30,14480,276967424,837890048,209190912,0
4096,256,16,4,2,30,14330,263409664,835051520,199753728,0
4096,256,16,4,2,30,14220,278437888,842993664,208666624,0
4096,256,16,4,2,30,1340,282755072,835362816,200802304,1
4096,256,16,4,2,30,10940,274096128,840245248,208666624,1
4096,256,16,4,2,30,11210,293007360,839483392,208666624,1
4096,256,16,4,2,30,11030,283521024,836751360,208666624,0
4096,256,16,4,2,30,10460,276168704,836993024,203423744,1
4096,256,16,4,2,30,1380,278437888,833323008,200802304,1
4096,256,16,4,2,30,1360,280166400,835633152,200802304,1
4096,256,16,4,2,30,10620,292589568,835620864,209190912,1
4096,256,16,4,2,30,1250,277598208,831512576,200802304,1
4096,256,16,4,2,30,1410,279117824,833482752,200802304,1
4096,256,16,4,2,30,1430,279744512,833978368,200802304,1
4096,256,16,4,2,30,1240,283688960,839684096,200802304,1
4096,256,16,4,2,30,11890,289492992,837734400,208666624,0
4096,256,16,4,2,30,10920,282087424,837459968,208666624,0
4096,256,16,4,2,30,1360,272551936,833318912,196083712,1
4096,256,16,4,2,30,11480,283340800,835690496,208666624,0
4096,256,16,4,2,30,14270,268513280,836558848,209190912,0
4096,256,16,4,2,30,14230,273534976,837287936,209190912,0
4096,256,16,4,2,30,13930,271290368,838307840,209190912,0
4096,256,16,4,2,30,14550,279719936,841109504,209190912,0
4096,256,16,4,2,30,12980,271765504,837148672,209190912,1
4096,256,16,4,2,30,13890,258486272,836415488,201850880,0
4096,256,16,4,2,30,14160,268263424,837136384,209190912,0
4096,256,16,4,6.5,100,12800,272994304,839241728,201850880,1
4096,256,16,4,6.5,100,11060,274526208,840015872,199229440,0
4096,256,16,4,6.5,100,1390,277856256,833327104,200802304,1
4096,256,16,4,6.5,100,10600,290672640,842903552,208666624,1
4096,256,16,4,6.5,100,11190,290951168,837783552,208666624,1
4096,256,16,4,6.5,100,11450,282066944,837857280,208666624,0
4096,256,16,4,6.5,100,10920,283410432,834076672,208666624,1
4096,256,16,4,6.5,100,1450,277909504,834994176,200802304,1
4096,256,16,4,6.5,100,1260,277651456,834310144,200802304,1
4096,256,16,4,6.5,100,1280,276897792,833507328,200802304,1
4096,256,16,4,6.5,100,10730,272650240,837341184,199229440,1
4096,256,16,4,6.5,100,1350,278847488,833839104,200802304,1
4096,256,16,4,6.5,100,11770,271302656,837103616,199753728,0
4096,256,16,4,6.5,100,1360,276905984,832565248,200802304,1
4096,256,16,4,6.5,100,1370,279511040,833376256,200802304,1
4096,256,16,4,6.5,100,11210,283283456,836096000,208666624,0
4096,256,16,4,6.5,100,1330,278601728,833048576,200802304,1
4096,256,16,4,6.5,100,14010,267276288,837025792,209190912,0
4096,256,16,4,6.5,100,14360,268787712,835825664,209190912,0
4096,256,16,4,6.5,100,13050,276963328,843276288,209190912,1
4096,256,16,4,6.5,100,14120,256757760,836624384,206569472,0
4096,256,16,4,6.5,100,12950,284495872,839909376,201850880,1
4096,256,16,4,6.5,100,14220,256614400,836595712,209190912,0
4096,256,16,4,6.5,100,14260,270905344,839114752,209190912,0
4096,256,16,4,6.5,100,14110,268369920,836198400,208666624,0
4096,256,16,4,6.5,100,11090,298020864,836800512,208666624,1
4096,256,16,4,6.5,100,11370,285782016,836284416,208666624,0
4096,256,16,4,6.5,100,10890,289366016,837275648,208666624,0
4096,256,16,4,6.5,100,11520,286420992,837054464,208666624,0
4096,256,16,4,6.5,100,10850,291840000,837955584,208666624,1
4096,256,16,4,6.5,100,3120,277958656,838594560,201326592,1
4096,256,16,4,6.5,100,12050,287203328,837251072,208666624,0
4096,256,16,4,6.5,100,11030,283156480,836800512,208666624,0
4096,256,16,4,6.5,100,11100,282808320,837373952,208666624,0
4096,256,16,4,6.5,100,14260,274370560,835399680,209190912,0
4096,256,16,4,6.5,100,13900,256929792,835543040,203948032,0
4096,256,16,4,6.5,100,14260,265039872,835571712,209190912,0
4096,256,16,4,6.5,100,13950,269357056,835039232,209190912,0
4096,256,16,4,6.5,100,13140,272330752,837386240,203948032,1
4096,256,16,4,6.5,100,13090,270692352,836923392,203948032,1
4096,256,16,4,6.5,100,14210,258027520,836521984,206569472,0
4096,256,16,4,6.5,100,14180,258375680,837025792,206569472,0
4096,256,16,4,6.5,100,1360,283238400,836984832,200802304,1
4096,256,16,4,6.5,100,10540,290873344,835092480,208666624,1
4096,256,16,4,6.5,100,1380,278024192,832614400,200802304,1
4096,256,16,4,6.5,100,10950,283111424,836304896,208666624,0
4096,256,16,4,6.5,100,1280,279891968,839659520,200802304,1
4096,256,16,4,6.5,100,11150,290066432,838594560,208666624,1
4096,256,16,4,6.5,100,1290,277319680,835244032,193986560,1
4096,256,16,4,6.5,100,10630,296947712,843522048,208666624,1
4096,256,16,4,6.5,30,1370,282169344,835973120,200802304,1
4096,256,16,4,6.5,30,1350,278343680,834031616,200802304,1
4096,256,16,4,6.5,30,11370,282214400,837017600,208666624,0
4096,256,16,4,6.5,30,10830,288165888,838221824,208666624,1
4096,256,16,4,6.5,30,1410,268095488,831754240,196083712,1
4096,256,16,4,6.5,30,1360,277368832,832917504,200802304,1
4096,256,16,4,6.5,30,11760,271491072,837750784,201326592,0
4096,256,16,4,6.5,30,11040,283377664,836399104,208666624,0
4096,256,16,4,6.5,30,14060,274403328,836165632,209190912,0
4096,256,16,4,6.5,30,14120,271937536,838275072,209190912,0
4096,256,16,4,6.5,30,13010,273522688,837136384,206569472,1
4096,256,16,4,6.5,30,13920,269099008,837734400,209190912,0
4096,256,16,4,6.5,30,14160,276946944,837902336,209190912,0
4096,256,16,4,6.5,30,13010,275554304,836419584,203948032,1
4096,256,16,4,6.5,30,14250,260501504,836374528,209190912,0
4096,256,16,4,6.5,30,14260,269037568,835563520,209190912,0
4096,256,16,4,6.5,30,1360,280162304,836255744,200802304,1
4096,256,16,4,6.5,30,11490,284119040,838029312,208666624,0
4096,256,16,4,6.5,30,10590,293548032,839712768,208666624,1
4096,256,16,4,6.5,30,11810,280371200,826843136,208666624,0
4096,256,16,4,6.5,30,1340,282664960,841035776,200802304,1
4096,256,16,4,6.5,30,10870,281174016,834674688,208666624,1
4096,256,16,4,6.5,30,1320,279371776,833617920,200802304,1
4096,256,16,4,6.5,30,1380,279986176,834936832,200802304,1
4096,256,16,4,6.5,30,1440,277471232,834441216,200802304,1
4096,256,16,4,6.5,30,11090,287760384,836952064,208666624,0
4096,256,16,4,6.5,30,10900,285310976,836993024,208666624,0
4096,256,16,4,6.5,30,1360,274161664,834506752,201850880,1
4096,256,16,4,6.5,30,1350,277565440,831922176,200802304,1
4096,256,16,4,6.5,30,11340,276938752,837619712,201326592,1
4096,256,16,4,6.5,30,10550,294285312,840949760,208666624,1
4096,256,16,4,6.5,30,1350,281120768,837251072,200802304,1
4096,256,16,4,6.5,30,14270,261820416,836591616,209190912,0
4096,256,16,4,6.5,30,14120,264081408,836853760,203948032,0
4096,256,16,4,6.5,30,13910,273821696,835915776,209190912,0
4096,256,16,4,6.5,30,14200,271953920,836833280,209190912,0
4096,256,16,4,6.5,30,13110,275771392,839901184,203948032,1
4096,256,16,4,6.5,30,14060,274083840,837152768,209190912,0
4096,256,16,4,6.5,30,14400,277508096,838516736,209190912,0
4096,256,16,4,6.5,30,13050,274915328,836149248,199753728,1
4096,256,16,4,6.5,30,13470,288284672,841826304,208666624,0
4096,256,16,4,6.5,30,3100,286277632,834109440,200802304,1
4096,256,16,4,6.5,30,11370,282976256,836202496,208666624,0
4096,256,16,4,6.5,30,10950,287592448,841228288,208666624,0
4096,256,16,4,6.5,30,10930,274558976,836182016,193462272,1
4096,256,16,4,6.5,30,10720,289411072,837513216,208666624,1
4096,256,16,4,6.5,30,11960,292896768,838008832,208666624,0
4096,256,16,4,6.5,30,11420,284393472,837177344,208666624,0
4096,256,16,4,6.5,30,11150,277356544,836337664,197132288,0
4096,256,16,4,6.5,30,12910,269729792,837849088,206569472,1
4096,256,4,16,2,100,14010,269697024,837083136,209190912,0
4096,256,4,16,2,100,14160,267657216,838103040,209190912,0
4096,256,4,16,2,100,13110,270393344,836222976,203948032,1
4096,256,4,16,2,100,14030,271572992,837083136,209190912,0
4096,256,4,16,2,100,14380,274509824,836042752,209190912,0
4096,256,4,16,2,100,14300,273162240,839868416,209190912,0
4096,256,4,16,2,100,14160,263467008,837435392,209190912,0
4096,256,4,16,2,100,1360,273813504,830025728,200802304,1
4096,256,4,16,2,100,1250,275718144,833839104,193986560,1
4096,256,4,16,2,100,11990,291184640,837754880,208666624,0
4096,256,4,16,2,100,10970,284659712,836296704,208666624,0
4096,256,4,16,2,100,10750,297648128,840609792,208666624,1
4096,256,4,16,2,100,10740,289071104,839286784,208666624,1
4096,256,4,16,2,100,1420,272109568,833777664,201850880,1
4096,256,4,16,2,100,10910,270782464,836354048,203423744,0
4096,256,4,16,2,100,11120,296140800,841662464,208666624,1
4096,256,4,16,2,100,1360,279633920,833945600,200802304,1
4096,256,4,16,2,100,1260,277901312,832909312,193986560,1
4096,256,4,16,2,100,11940,284696576,835637248,208666624,0
4096,256,4,16,2,100,1350,277061632,834125824,193986560,1
4096,256,4,16,2,100,1330,272506880,832659456,201850880,1
4096,256,4,16,2,100,10880,287248384,826843136,208142336,1
4096,256,4,16,2,100,1330,271388672,833671168,196083712,1
4096,256,4,16,2,100,12920,281526272,840335360,206569472,1
4096,256,4,16,2,100,14150,261562368,835960832,203948032,0
4096,256,4,16,2,100,13950,272863232,836972544,209190912,0
4096,256,4,16,2,100,14100,260030464,835391488,209190912,0
4096,256,4,16,2,100,13000,274673664,838148096,206569472,1
4096,256,4,16,2,100,14010,259194880,836112384,201850880,0
4096,256,4,16,2,100,14290,277164032,835457024,209190912,0
4096,256,4,16,2,100,14090,274411520,839135232,209190912,0
4096,256,4,16,2,100,11990,293863424,842076160,208666624,0
4096,256,4,16,2,100,10750,278315008,842424320,208666624,1
4096,256,4,16,2,100,1330,276451328,834871296,200802304,1
4096,256,4,16,2,100,11240,283832320,834117632,208666624,1
4096,256,4,16,2,100,10840,292048896,836186112,208666624,0
4096,256,4,16,2,100,11370,284610560,835899392,208666624,0
4096,256,4,16,2,100,10510,275607552,835211264,199229440,1
4096,256,4,16,2,100,1320,273960960,834662400,196083712,1
4096,256,4,16,2,100,1340,278204416,834371584,200802304,1
4096,256,4,16,2,100,1250,277708800,837029888,202899456,1
4096,256,4,16,2,100,1330,277594112,834310144,200802304,1
4096,256,4,16,2,100,1230,279474176,835518464,200802304,1
4096,256,4,16,2,100,10870,273612800,836816896,195559424,0
4096,256,4,16,2,100,1410,276992000,832696320,200802304,1
4096,256,4,16,2,100,1430,277393408,832757760,200802304,1
4096,256,4,16,2,100,11720,273670144,838426624,199229440,1
4096,256,4,16,2,100,14330,274608128,837537792,209190912,0
4096,256,4,16,2,100,14350,276156416,838856704,209190912,0
4096,256,4,16,2,100,14090,264392704,838340608,201326592,0
4096,256,4,16,2,30,14170,278339584,838049792,208666624,0
4096,256,4,16,2,30,13120,276357120,839577600,201850880,1
4096,256,4,16,2,30,13160,281116672,842104832,203948032,1
4096,256,4,16,2,30,14350,277602304,838668288,209190912,0
4096,256,4,16,2,30,13990,276729856,836481024,209190912,0
4096,256,4,16,2,30,10830,282824704,838459392,208142336,1
4096,256,4,16,2,30,11590,290410496,839380992,208666624,0
4096,256,4,16,2,30,11060,285626368,835235840,208666624,0
4096,256,4,16,2,30,11390,286584832,838656000,208666624,0
4096,256,4,16,2,30,10860,282804224,838254592,208666624,0
4096,256,4,16,2,30,10990,289939456,837574656,208666624,0
4096,256,4,16,2,30,2930,276312064,835239936,202375168,1
4096,256,4,16,2,30,12140,285380608,841068544,208666624,0
4096,256,4,16,2,30,10900,271720448,836087808,199229440,1
4096,256,4,16,2,30,14250,258928640,837763072,201850880,0
4096,256,4,16,2,30,14200,274014208,837079040,209190912,0
4096,256,4,16,2,30,14230,273375232,836694016,209190912,0
4096,256,4,16,2,30,14390,269459456,838250496,209190912,0
4096,256,4,16,2,30,13280,276066304,838180864,193462272,1
4096,256,4,16,2,30,13180,276910080,836841472,201850880,1
4096,256,4,16,2,30,14250,269676544,839057408,209190912,0
4096,256,4,16,2,30,14240,275386368,836190208,209190912,0
4096,256,4,16,2,30,1230,280932352,835104768,200802304,1
4096,256,4,16,2,30,11260,293908480,838578176,208666624,1
4096,256,4,16,2,30,11140,282951680,836620288,208666624,0
4096,256,4,16,2,30,1350,275111936,832299008,200802304,1
4096,256,4,16,2,30,1330,277032960,833228800,200802304,1
4096,256,4,16,2,30,10900,269930496,834498560,197132288,1
4096,256,4,16,2,30,1340,277229568,834052096,200802304,1
4096,256,4,16,2,30,10850,281497600,834449408,208666624,0
4096,256,4,16,2,30,1350,277737472,833769472,200802304,1
4096,256,4,16,2,30,12040,286621696,838688768,208666624,0
4096,256,4,16,2,30,1460,270917632,832552960,201850880,1
4096,256,4,16,2,30,1450,271794176,835878912,201850880,1
4096,256,4,16,2,30,10470,274485248,840912896,199229440,1
4096,256,4,16,2,30,10520,276406272,842620928,199229440,1
4096,256,4,16,2,30,11430,285306880,837070848,208666624,0
4096,256,4,16,2,30,1250,280735744,834789376,200802304,1
4096,256,4,16,2,30,14100,256585728,836325376,201850880,0
4096,256,4,16,2,30,13080,272228352,835547136,201850880,1
4096,256,4,16,2,30,14320,266940416,836067328,209190912,0
4096,256,4,16,2,30,14280,256757760,838090752,209190912,0
4096,256,4,16,2,30,13290,274087936,839385088,201850880,1
4096,256,4,16,2,30,14340,264794112,836034560,209190912,0
4096,256,4,16,2,30,14040,268513280,839577600,209190912,0
4096,256,4,16,2,30,14410,266022912,836530176,209190912,0
4096,256,4,16,2,30,11850,285777920,835244032,208666624,0
4096,256,4,16,2,30,1420,277102592,833777664,200802304,1
4096,256,4,16,2,30,1390,269049856,834555904,202899456,1
4096,256,4,16,2,30,10540,286576640,837316608,208666624,1
4096,256,4,16,6.5,100,1370,277204992,833671168,200802304,1
4096,256,4,16,6.5,100,11120,287383552,842166272,208666624,0
4096,256,4,16,6.5,100,1330,275156992,833843200,201850880,1
4096,256,4,16,6.5,100,10620,286961664,840282112,208666624,1
4096,256,4,16,6.5,100,1370,271818752,834076672,196083712,1
4096,256,4,16,6.5,100,10840,287518720,838119424,208666624,1
4096,256,4,16,6.5,100,11780,282787840,836694016,208666624,0
4096,256,4,16,6.5,100,1320,276459520,830693376,200802304,1
4096,256,4,16,6.5,100,1330,274714624,833052672,201850880,1
4096,256,4,16,6.5,100,11150,281427968,834318336,208666624,1
4096,256,4,16,6.5,100,1350,277458944,834068480,200802304,1
4096,256,4,16,6.5,100,10890,284381184,836112384,208666624,0
4096,256,4,16,6.5,100,13050,269340672,832798720,206569472,1
4096,256,4,16,6.5,100,12930,274001920,835317760,197656576,1
4096,256,4,16,6.5,100,14010,260812800,835231744,203948032,0
4096,256,4,16,6.5,100,14560,268365824,834072576,209190912,0
4096,256,4,16,6.5,100,14420,269213696,835760128,209190912,0
4096,256,4,16,6.5,100,14060,266997760,833544192,209190912,0
4096,256,4,16,6.5,100,14500,256929792,834244608,201850880,0
4096,256,4,16,6.5,100,14410,268075008,834695168,208666624,0
4096,256,4,16,6.5,100,10890,273997824,840384512,197132288,1
4096,256,4,16,6.5,100,11840,272228352,835833856,201850880,0
4096,256,4,16,6.5,100,11070,272429056,838299648,204996608,0
4096,256,4,16,6.5,100,11680,285577216,836468736,208666624,0
4096,256,4,16,6.5,100,3130,284569600,833138688,200802304,1
4096,256,4,16,6.5,100,11420,289959936,835338240,208666624,0
4096,256,4,16,6.5,100,10950,273838080,838164480,201326592,0
4096,256,4,16,6.5,100,11280,288047104,839393280,208666624,0
4096,256,4,16,6.5,100,10750,271249408,837169152,197132288,1
4096,256,4,16,6.5,100,14450,271163392,838111232,209190912,0
4096,256,4,16,6.5,100,14390,257622016,838774784,201326592,0
4096,256,4,16,6.5,100,13220,275873792,842838016,206569472,1
4096,256,4,16,6.5,100,13210,275693568,840224768,206569472,1
4096,256,4,16,6.5,100,14220,270528512,836169728,209190912,0
4096,256,4,16,6.5,100,14010,258945024,836890624,206569472,0
4096,256,4,16,6.5,100,14500,273047552,837844992,209190912,0
4096,256,4,16,6.5,100,14430,275701760,841961472,209190912,0
4096,256,4,16,6.5,100,1350,271687680,833556480,202899456,1
4096,256,4,16,6.5,100,1370,278179840,834265088,193986560,1
4096,256,4,16,6.5,100,1350,271675392,834748416,201850880,1
4096,256,4,16,6.5,100,1310,278421504,833622016,200802304,1
4096,256,4,16,6.5,100,11180,292515840,842166272,208666624,1
4096,256,4,16,6.5,100,10720,292397056,838393856,208666624,1
4096,256,4,16,6.5,100,11030,285286400,837156864,208666624,0
4096,256,4,16,6.5,100,10840,290447360,835923968,208666624,1
4096,256,4,16,6.5,100,11050,279789568,838807552,208666624,1
4096,256,4,16,6.5,100,12020,283725824,834863104,208666624,0
4096,256,4,16,6.5,100,1340,279351296,834875392,193986560,1
4096,256,4,16,6.5,100,11050,286171136,836505600,208666624,0
4096,256,4,16,6.5,100,1370,272994304,831987712,201850880,1
4096,256,4,16,6.5,30,11400,288542720,838184960,208666624,0
4096,256,4,16,6.5,30,1360,273022976,833617920,196083712,1
4096,256,4,16,6.5,30,1360,270929920,833155072,200802304,1
4096,256,4,16,6.5,30,12950,269729792,837451776,209190912,1
4096,256,4,16,6.5,30,14150,267177984,835461120,208666624,0
4096,256,4,16,6.5,30,14420,267448320,836775936,209190912,0
4096,256,4,16,6.5,30,14370,273682432,839860224,209190912,0
4096,256,4,16,6.5,30,14280,268972032,835432448,209190912,0
4096,256,4,16,6.5,30,13900,266141696,838778880,209190912,0
4096,256,4,16,6.5,30,14540,267657216,837582848,209190912,0
4096,256,4,16,6.5,30,12890,272748544,838987776,203948032,1
4096,256,4,16,6.5,30,11070,283353088,837337088,208666624,0
4096,256,4,16,6.5,30,11060,273346560,835522560,195035136,1
4096,256,4,16,6.5,30,10650,287825920,833396736,208666624,1
4096,256,4,16,6.5,30,10660,292864000,838135808,208666624,1
4096,256,4,16,6.5,30,11590,282673152,836558848,208666624,0
4096,256,4,16,6.5,30,1300,278368256,833216512,200802304,1
4096,256,4,16,6.5,30,1430,276193280,833064960,200802304,1
4096,256,4,16,6.5,30,10930,283480064,836231168,208666624,0
4096,256,4,16,6.5,30,1390,284958720,834568192,200802304,1
4096,256,4,16,6.5,30,11830,284561408,837865472,208666624,0
4096,256,4,16,6.5,30,1330,274542592,835133440,201850880,1
4096,256,4,16,6.5,30,1370,270864384,832978944,201850880,1
4096,256,4,16,6.5,30,11220,286367744,840392704,208666624,1
4096,256,4,16,6.5,30,1430,277094400,833179648,200802304,1
4096,256,4,16,6.5,30,1340,276418560,832331776,200802304,1
4096,256,4,16,6.5,30,1300,277188608,833937408,200802304,1
4096,256,4,16,6.5,30,14230,269852672,836435968,209190912,0
4096,256,4,16,6.5,30,14320,268611584,836960256,209190912,0
4096,256,4,16,6.5,30,14530,268464128,834842624,208666624,0
4096,256,4,16,6.5,30,14360,268357632,836464640,208666624,0
4096,256,4,16,6.5,30,14410,267382784,837111808,208666624,0
4096,256,4,16,6.5,30,13430,272371712,838443008,197656576,1
4096,256,4,16,6.5,30,14480,267657216,836562944,209190912,0
4096,256,4,16,6.5,30,13280,276701184,836329472,203948032,1
4096,256,4,16,6.5,30,11370,292683776,836911104,208666624,0
4096,256,4,16,6.5,30,10820,291196928,836747264,208666624,1
4096,256,4,16,6.5,30,11420,283885568,837074944,208666624,0
4096,256,4,16,6.5,30,10920,285114368,835612672,208666624,0
4096,256,4,16,6.5,30,2950,272121856,833196032,202375168,1
4096,256,4,16,6.5,30,10710,277671936,842145792,195035136,1
4096,256,4,16,6.5,30,11030,285925376,837734400,208666624,0
4096,256,4,16,6.5,30,11900,270086144,835276800,199229440,0
4096,256,4,16,6.5,30,10910,283643904,836644864,208666624,0
4096,256,4,16,6.5,30,14080,267218944,835874816,209190912,0
4096,256,4,16,6.5,30,14380,269426688,835780608,208142336,0
4096,256,4,16,6.5,30,14010,273154048,841150464,208142336,0
4096,256,4,16,6.5,30,13070,273924096,836407296,203948032,1
4096,256,4,16,6.5,30,14290,257495040,835477504,203948032,0
4096,256,4,16,6.5,30,13080,274903040,835063808,206569472,1
4096,256,4,4,2,100,14270,268943360,835538944,208666624,0
4096,256,4,4,2,100,14780,268570624,836050944,209190912,0
4096,256,4,4,2,100,11960,286199808,837918720,208666624,0
4096,256,4,4,2,100,1360,279396352,834822144,200802304,1
4096,256,4,4,2,100,1420,277725184,833232896,200802304,1
4096,256,4,4,2,100,10890,283582464,838656000,208666624,0
4096,256,4,4,2,100,10530,272039936,837779456,201326592,1
4096,256,4,4,2,100,1370,278634496,833761280,200802304,1
4096,256,4,4,2,100,11200,282673152,836820992,208666624,0
4096,256,4,4,2,100,10680,291205120,837304320,209190912,1
4096,256,4,4,2,100,1270,280182784,833925120,200802304,1
4096,256,4,4,2,100,11490,284319744,837947392,208666624,0
4096,256,4,4,2,100,11040,284598272,841019392,208666624,1
4096,256,4,4,2,100,1390,273997824,833970176,196083712,1
4096,256,4,4,2,100,1360,272457728,831873024,202899456,1
4096,256,4,4,2,100,1350,277827584,833171456,200802304,1
4096,256,4,4,2,100,11090,285327360,837697536,208666624,1
4096,256,4,4,2,100,1260,276488192,833015808,200802304,1
4096,256,4,4,2,100,14200,267894784,836194304,209190912,0
4096,256,4,4,2,100,14310,267022336,837992448,208666624,0
4096,256,4,4,2,100,13870,267956224,838164480,208666624,0
4096,256,4,4,2,100,14320,268935168,838103040,208666624,0
4096,256,4,4,2,100,12960,272592896,836747264,203948032,1
4096,256,4,4,2,100,14230,268546048,836931584,209190912,0
4096,256,4,4,2,100,14450,265719808,838275072,208666624,0
4096,256,4,4,2,100,13170,274251776,837771264,199753728,1
4096,256,4,4,2,100,1280,279527424,833572864,200802304,1
4096,256,4,4,2,100,10750,290582528,836222976,208666624,1
4096,256,4,4,2,100,1440,278728704,833003520,193462272,1
4096,256,4,4,2,100,1470,277278720,833003520,200802304,1
4096,256,4,4,2,100,10950,274124800,834924544,207618048,1
4096,256,4,4,2,100,1340,276643840,833384448,200802304,1
4096,256,4,4,2,100,1350,276664320,834138112,200802304,1
4096,256,4,4,2,100,1340,272601088,834134016,202899456,1
4096,256,4,4,2,100,11290,272830464,837197824,203423744,0
4096,256,4,4,2,100,10890,286773248,843739136,208666624,1
4096,256,4,4,2,100,1380,281059328,831610880,200802304,1
4096,256,4,4,2,100,12110,282669056,836730880,208666624,0
4096,256,4,4,2,100,10920,286875648,836734976,208666624,0
4096,256,4,4,2,100,1350,278687744,833744896,200802304,1
4096,256,4,4,2,100,10510,271699968,837287936,197132288,1
4096,256,4,4,2,100,10840,284737536,837505024,208666624,0
4096,256,4,4,2,100,14700,266338304,838410240,209190912,0
4096,256,4,4,2,100,13130,272510976,835649536,203948032,1
4096,256,4,4,2,100,13080,273231872,839770112,199753728,1
4096,256,4,4,2,100,14290,266194944,837230592,209190912,0
4096,256,4,4,2,100,14540,269496320,837357568,208666624,0
4096,256,4,4,2,100,14280,268173312,836268032,209190912,0
4096,256,4,4,2,100,14520,269287424,837726208,209190912,0
4096,256,4,4,2,100,14510,267116544,838242304,208142336,0
4096,256,4,4,2,30,11260,270462976,837079040,205520896,0
4096,256,4,4,2,30,11540,284282880,837001216,208666624,0
4096,256,4,4,2,30,10900,284864512,834883584,208666624,1
4096,256,4,4,2,30,10990,291856384,836206592,208666624,1
4096,256,4,4,2,30,10960,285724672,837378048,208666624,0
4096,256,4,4,2,30,3170,293924864,833495040,200802304,1
4096,256,4,4,2,30,10990,282865664,838983680,208666624,0
4096,256,4,4,2,30,11880,289202176,837447680,208666624,0
4096,256,4,4,2,30,10840,272715776,834920448,199753728,0
4096,256,4,4,2,30,12960,270372864,835878912,203948032,1
4096,256,4,4,2,30,14080,272764928,835080192,209190912,0
4096,256,4,4,2,30,14440,273616896,838578176,208666624,0
4096,256,4,4,2,30,14200,273399808,837971968,209190912,0
4096,256,4,4,2,30,14020,274063360,837554176,209190912,0
4096,256,4,4,2,30,14190,259813376,836112384,209190912,0
4096,256,4,4,2,30,12940,274317312,837062656,203948032,1
4096,256,4,4,2,30,14190,273481728,837373952,209190912,0
4096,256,4,4,2,30,1410,279474176,834162688,200802304,1
4096,256,4,4,2,30,1330,278470656,834928640,200802304,1
4096,256,4,4,2,30,1340,278052864,834355200,200802304,1
4096,256,4,4,2,30,11010,288845824,843743232,208666624,1
4096,256,4,4,2,30,10920,284045312,836677632,208666624,0
4096,256,4,4,2,30,1380,279572480,833970176,200802304,1
4096,256,4,4,2,30,11650,271278080,835170304,197656576,0
4096,256,4,4,2,30,11000,282550272,836255744,208666624,0
4096,256,4,4,2,30,1350,276299776,832188416,200802304,1
4096,256,4,4,2,30,11030,275988480,839315456,199229440,1
4096,256,4,4,2,30,10710,291221504,839348224,208666624,1
4096,256,4,4,2,30,1330,274153472,829886464,200802304,1
4096,256,4,4,2,30,10680,291868672,836227072,208666624,1
4096,256,4,4,2,30,11310,281907200,837472256,208666624,0
4096,256,4,4,2,30,1340,279494656,833925120,200802304,1
4096,256,4,4,2,30,1380,280363008,834248704,200802304,1
4096,256,4,4,2,30,13330,271704064,839905280,206569472,1
4096,256,4,4,2,30,14050,272457728,837341184,209190912,0
4096,256,4,4,2,30,14210,268980224,836546560,208666624,0
4096,256,4,4,2,30,14360,265637888,836915200,209190912,0
4096,256,4,4,2,30,14110,270422016,835231744,209190912,0
4096,256,4,4,2,30,14250,258990080,835031040,206045184,0
4096,256,4,4,2,30,14060,257781760,835432448,209190912,0
4096,256,4,4,2,30,13250,276430848,842469376,201850880,1
4096,256,4,4,2,30,10480,293638144,835858432,208666624,1
4096,256,4,4,2,30,1460,270569472,833331200,201850880,1
4096,256,4,4,2,30,11910,283136000,836673536,208666624,0
4096,256,4,4,2,30,1350,276828160,832212992,200802304,1
4096,256,4,4,2,30,10660,279277568,837263360,197132288,1
4096,256,4,4,2,30,11510,283717632,838090752,208666624,0
4096,256,4,4,2,30,1340,282460160,834850816,200802304,1
4096,256,4,4,2,30,1310,277389312,834093056,200802304,1
4096,256,4,4,2,30,1330,276410368,834064384,201850880,1
4096,256,4,4,6.5,100,1390,282767360,832974848,200802304,1
4096,256,4,4,6.5,100,1330,278212608,832196608,200802304,1
4096,256,4,4,6.5,100,1360,271323136,834097152,201850880,1
4096,256,4,4,6.5,100,10970,278933504,839389184,208666624,1
4096,256,4,4,6.5,100,10860,282247168,837689344,208666624,0
4096,256,4,4,6.5,100,11180,289398784,834834432,208666624,1
4096,256,4,4,6.5,100,11160,285700096,837357568,208666624,0
4096,256,4,4,6.5,100,13110,268410880,834146304,206569472,1
4096,256,4,4,6.5,100,14090,269434880,836812800,209190912,0
4096,256,4,4,6.5,100,13160,272834560,839929856,203948032,1
4096,256,4,4,6.5,100,14420,268234752,837976064,209190912,0
4096,256,4,4,6.5,100,14270,268308480,835407872,208666624,0
4096,256,4,4,6.5,100,14250,266805248,835383296,209190912,0
4096,256,4,4,6.5,100,14490,272707584,836452352,209190912,0
4096,256,4,4,6.5,100,14280,256016384,837525504,203948032,0
4096,256,4,4,6.5,100,10920,268922880,837062656,197132288,1
4096,256,4,4,6.5,100,11190,286724096,837283840,208666624,0
4096,256,4,4,6.5,100,12070,291102720,840908800,208666624,0
4096,256,4,4,6.5,100,11520,271122432,837988352,203423744,0
4096,256,4,4,6.5,100,10890,270528512,837189632,202899456,0
4096,256,4,4,6.5,100,10930,276611072,843505664,199753728,0
4096,256,4,4,6.5,100,10800,291917824,837689344,208666624,1
4096,256,4,4,6.5,100,11420,284602368,837795840,208666624,0
4096,256,4,4,6.5,100,3140,275988480,837095424,201326592,1
4096,256,4,4,6.5,100,14000,256708608,835182592,203948032,0
4096,256,4,4,6.5,100,13010,270204928,836546560,209190912,1
4096,256,4,4,6.5,100,14290,272846848,838238208,209190912,0
4096,256,4,4,6.5,100,14130,259145728,838676480,206569472,0
4096,256,4,4,6.5,100,14230,266637312,832897024,209190912,0
4096,256,4,4,6.5,100,14340,273068032,838815744,209190912,0
4096,256,4,4,6.5,100,13870,268476416,836612096,209190912,0
4096,256,4,4,6.5,100,13150,268042240,835825664,206569472,1
4096,256,4,4,6.5,100,10910,285040640,834764800,208666624,1
4096,256,4,4,6.5,100,10900,285265920,838098944,208666624,0
4096,256,4,4,6.5,100,11140,292274176,836976640,208666624,1
4096,256,4,4,6.5,100,1390,272203776,834330624,201850880,1
4096,256,4,4,6.5,100,1360,272953344,833191936,196083712,1
4096,256,4,4,6.5,100,1430,282337280,833396736,200802304,1
4096,256,4,4,6.5,100,1480,273649664,833024000,201850880,1
4096,256,4,4,6.5,100,10470,291184640,836923392,208666624,1
4096,256,4,4,6.5,100,1340,279863296,838520832,200802304,1
4096,256,4,4,6.5,100,1340,275750912,831229952,200802304,1
4096,256,4,4,6.5,100,11470,283078656,837341184,208666624,0
4096,256,4,4,6.5,100,1340,278630400,835207168,200802304,1
4096,256,4,4,6.5,100,10850,284413952,838258688,208666624,0
4096,256,4,4,6.5,100,1370,278749184,832933888,200802304,1
4096,256,4,4,6.5,100,11950,284602368,836907008,208666624,0
4096,256,4,4,6.5,100,10570,275230720,834113536,201326592,1
4096,256,4,4,6.5,100,14390,267821056,835719168,208666624,0
4096,256,4,4,6.5,100,14430,269160448,836120576,208666624,0
4096,256,4,4,6.5,30,14640,268677120,836988928,208666624,0
4096,256,4,4,6.5,30,14230,255496192,836734976,206569472,0
4096,256,4,4,6.5,30,12900,271495168,839163904,199753728,1
4096,256,4,4,6.5,30,14360,257994752,836603904,203948032,0
4096,256,4,4,6.5,30,12870,274366464,842330112,203948032,1
4096,256,4,4,6.5,30,14410,269463552,837844992,209190912,0
4096,256,4,4,6.5,30,11470,282746880,835325952,208666624,0
4096,256,4,4,6.5,30,10750,270692352,836890624,197656576,0
4096,256,4,4,6.5,30,12240,283295744,837754880,208666624,0
4096,256,4,4,6.5,30,10630,273563648,836222976,199229440,1
4096,256,4,4,6.5,30,10840,290091008,835514368,208666624,0
4096,256,4,4,6.5,30,10660,275619840,840220672,199229440,1
4096,256,4,4,6.5,30,1360,282284032,839135232,200802304,1
4096,256,4,4,6.5,30,1380,271527936,834150400,196083712,1
4096,256,4,4,6.5,30,1450,269705216,832282624,202899456,1
4096,256,4,4,6.5,30,10640,290467840,836292608,208666624,1
4096,256,4,4,6.5,30,1370,273510400,833835008,196083712,1
4096,256,4,4,6.5,30,11250,283992064,837976064,208666624,1
4096,256,4,4,6.5,30,1350,273276928,833130496,201850880,1
4096,256,4,4,6.5,30,1350,278695936,832782336,200802304,1
4096,256,4,4,6.5,30,1400,267227136,832770048,202899456,1
4096,256,4,4,6.5,30,1430,277712896,833757184,200802304,1
4096,256,4,4,6.5,30,13140,270442496,838160384,206569472,1
4096,256,4,4,6.5,30,14370,259678208,838365184,201326592,0
4096,256,4,4,6.5,30,14610,269234176,837931008,209190912,0
4096,256,4,4,6.5,30,14420,255397888,835952640,195035136,0
4096,256,4,4,6.5,30,14600,269889536,837709824,209190912,0
4096,256,4,4,6.5,30,14400,256020480,837861376,197656576,0
4096,256,4,4,6.5,30,14290,268713984,836771840,209190912,0
4096,256,4,4,6.5,30,13300,272506880,834019328,203948032,1
4096,256,4,4,6.5,30,11450,292147200,841154560,208666624,0
4096,256,4,4,6.5,30,11500,287330304,837349376,208666624,0
4096,256,4,4,6.5,30,11040,283226112,836718592,208666624,0
4096,256,4,4,6.5,30,10820,276766720,836870144,203948032,0
4096,256,4,4,6.5,30,11010,282202112,836153344,208666624,0
4096,256,4,4,6.5,30,3120,289660928,835219456,200802304,1
4096,256,4,4,6.5,30,12030,284078080,838139904,208666624,0
4096,256,4,4,6.5,30,10990,294789120,841486336,208666624,1
4096,256,4,4,6.5,30,10710,272941056,837517312,201326592,1
4096,256,4,4,6.5,30,13140,276717568,841216000,199753728,1
4096,256,4,4,6.5,30,14080,262205440,836014080,209190912,0
4096,256,4,4,6.5,30,12860,281669632,842420224,203948032,1
4096,256,4,4,6.5,30,14060,262402048,835371008,197132288,0
4096,256,4,4,6.5,30,14100,275005440,838647808,209190912,0
4096,256,4,4,6.5,30,14030,274939904,836427776,209190912,0
4096,256,4,4,6.5,30,14200,261648384,835620864,203948032,0
4096,256,4,4,6.5,30,14310,269254656,840638464,203948032,0
4096,256,4,4,6.5,30,1310,271552512,834674688,202899456,1
4096,256,4,4,6.5,30,10940,282730496,835686400,208142336,1
4096,256,4,4,6.5,30,11240,288763904,838463488,208666624,0
4096,4096,16,16,2,100,1330,283541504,832548864,200802304,1
4096,4096,16,16,2,100,1350,280080384,834707456,200802304,1
4096,4096,16,16,2,100,1560,282685440,838541312,200802304,1
4096,4096,16,16,2,100,11970,288038912,834670592,208666624,0
4096,4096,16,16,2,100,1360,277274624,832679936,201850880,1
4096,4096,16,16,2,100,1350,278388736,834392064,200802304,1
4096,4096,16,16,2,100,10690,295530496,838262784,208666624,1
4096,4096,16,16,2,100,11770,285028352,834240512,208666624,0
4096,4096,16,16,2,100,10590,294150144,838356992,208666624,1
4096,4096,16,16,2,100,1420,277954560,833998848,200802304,1
4096,4096,16,16,2,100,11070,289689600,837976064,208666624,0
4096,4096,16,16,2,100,1340,277553152,832917504,200802304,1
4096,4096,16,16,2,100,11250,292683776,837586944,208666624,1
4096,4096,16,16,2,100,14420,275480576,836780032,209190912,0
4096,4096,16,16,2,100,14080,273645568,836435968,209190912,0
4096,4096,16,16,2,100,13380,275668992,836853760,199753728,1
4096,4096,16,16,2,100,14180,276119552,837304320,209190912,0
4096,4096,16,16,2,100,14350,275501056,838090752,209190912,0
4096,4096,16,16,2,100,14080,274829312,836501504,208666624,0
4096,4096,16,16,2,100,13090,277184512,840867840,206569472,1
4096,4096,16,16,2,100,14130,268451840,839888896,209190912,0
4096,4096,16,16,2,100,1390,273555456,833290240,201850880,1
4096,4096,16,16,2,100,10820,271675392,837644288,197656576,0
4096,4096,16,16,2,100,1320,279707648,833388544,200802304,1
4096,4096,16,16,2,100,10800,291385344,838840320,208666624,1
4096,4096,16,16,2,100,1270,276611072,831934464,200802304,1
4096,4096,16,16,2,100,11010,297279488,842137600,208666624,1
4096,4096,16,16,2,100,10790,290263040,838111232,208666624,1
4096,4096,16,16,2,100,11280,271876096,836460544,205520896,0
4096,4096,16,16,2,100,1300,271294464,832462848,201850880,1
4096,4096,16,16,2,100,1380,282112000,835219456,200802304,1
4096,4096,16,16,2,100,10940,281645056,835764224,208666624,0
4096,4096,16,16,2,100,1280,278175744,834936832,200802304,1
4096,4096,16,16,2,100,1380,278413312,832995328,200802304,1
4096,4096,16,16,2,100,1330,271720448,831336448,202899456,1
4096,4096,16,16,2,100,11790,274804736,837165056,201326592,0
4096,4096,16,16,2,100,10850,291782656,838791168,208666624,1
4096,4096,16,16,2,100,14000,263311360,836870144,201850880,0
4096,4096,16,16,2,100,14310,275525632,837644288,209190912,0
4096,4096,16,16,2,100,13020,270938112,838017024,206569472,1
4096,4096,16,16,2,100,13950,276226048,837173248,209190912,0
4096,4096,16,16,2,100,14130,275361792,836034560,209190912,0
4096,4096,16,16,2,100,14170,264478720,837140480,209190912,0
4096,4096,16,16,2,100,14270,275832832,838770688,209190912,0
4096,4096,16,16,2,100,13090,269545472,835014656,203948032,1
4096,4096,16,16,2,100,3180,293703680,834822144,200802304,1
4096,4096,16,16,2,100,11010,280428544,836390912,208666624,0
4096,4096,16,16,2,100,11480,283574272,838123520,208666624,0
4096,4096,16,16,2,100,11250,283029504,837074944,208666624,0
4096,4096,16,16,2,100,10890,283799552,835481600,208666624,0
4096,4096,16,16,2,30,11900,283607040,837406720,208666624,0
4096,4096,16,16,2,30,10860,290365440,837713920,208666624,1
4096,4096,16,16,2,30,10860,279158784,840560640,199229440,1
4096,4096,16,16,2,30,11470,288931840,837181440,208666624,0
4096,4096,16,16,2,30,14200,268988416,836669440,209190912,0
4096,4096,16,16,2,30,13920,268582912,837746688,208666624,0
4096,4096,16,16,2,30,13130,270319616,837120000,201850880,1
4096,4096,16,16,2,30,13440,286351360,835510272,209190912,1
4096,4096,16,16,2,30,14150,256974848,837939200,206569472,0
4096,4096,16,16,2,30,14140,270135296,835944448,209190912,0
4096,4096,16,16,2,30,14370,269856768,838955008,209190912,0
4096,4096,16,16,2,30,14210,260833280,842301440,209190912,0
4096,4096,16,16,2,30,1300,281382912,835186688,200802304,1
4096,4096,16,16,2,30,11730,268554240,836845568,203948032,0
4096,4096,16,16,2,30,1240,279072768,833863680,200802304,1
4096,4096,16,16,2,30,1360,271687680,831737856,196083712,1
4096,4096,16,16,2,30,10900,283361280,834252800,208666624,0
4096,4096,16,16,2,30,1380,277381120,833585152,200802304,1
4096,4096,16,16,2,30,10750,295796736,834908160,208666624,1
4096,4096,16,16,2,30,1340,278069248,835235840,200802304,1
4096,4096,16,16,2,30,10670,270622720,834400256,201326592,1
4096,4096,16,16,2,30,11130,292798464,836808704,208666624,1
4096,4096,16,16,2,30,1380,277688320,833679360,200802304,1
4096,4096,16,16,2,30,1380,278155264,834269184,200802304,1
4096,4096,16,16,2,30,11520,283746304,836476928,208666624,0
4096,4096,16,16,2,30,10560,293486592,838619136,208666624,1
4096,4096,16,16,2,30,1290,278183936,834363392,200802304,1
4096,4096,16,16,2,30,11190,289734656,836435968,208666624,0
4096,4096,16,16,2,30,14400,257609728,837300224,203948032,0
4096,4096,16,16,2,30,14540,268816384,836091904,208666624,0
4096,4096,16,16,2,30,14470,270069760,838000640,209190912,0
4096,4096,16,16,2,30,14080,269840384,835559424,208666624,0
4096,4096,16,16,2,30,14300,268795904,835973120,208666624,0
4096,4096,16,16,2,30,12910,275283968,838479872,209190912,1
4096,4096,16,16,2,30,13000,270536704,836571136,209190912,1
4096,4096,16,16,2,30,14280,270479360,836444160,208666624,0
4096,4096,16,16,2,30,1330,271589376,833458176,202899456,1
4096,4096,16,16,2,30,1330,277745664,834834432,200802304,1
4096,4096,16,16,2,30,11070,289759232,836112384,208666624,1
4096,4096,16,16,2,30,10450,294125568,838283264,208666624,1
4096,4096,16,16,2,30,10680,275570688,838561792,197656576,0
4096,4096,16,16,2,30,10720,271671296,837185536,197656576,0
4096,4096,16,16,2,30,1390,277323776,835604480,200802304,1
4096,4096,16,16,2,30,1240,279166976,833916928,200802304,1
4096,4096,16,16,2,30,11900,285388800,838844416,208666624,0
4096,4096,16,16,2,30,1260,283975680,839458816,200802304,1
4096,4096,16,16,2,30,10900,278765568,837730304,208666624,1
4096,4096,16,16,2,30,11470,284045312,838324224,208666624,0
4096,4096,16,16,2,30,1350,275988480,835268608,200802304,1
4096,4096,16,16,2,30,1280,278810624,834359296,200802304,1
4096,4096,16,16,6.5,100,1430,279371776,834723840,193462272,1
4096,4096,16,16,6.5,100,10790,293474304,841904128,208666624,1
4096,4096,16,16,6.5,100,14210,271900672,837775360,209190912,0
4096,4096,16,16,6.5,100,13160,271994880,835252224,206569472,1
4096,4096,16,16,6.5,100,14090,268591104,838848512,208666624,0
4096,4096,16,16,6.5,100,14260,259211264,836886528,209190912,0
4096,4096,16,16,6.5,100,14370,268185600,837935104,209190912,0
4096,4096,16,16,6.5,100,14490,257617920,837128192,209190912,0
4096,4096,16,16,6.5,100,13170,271044608,834891776,203948032,1
4096,4096,16,16,6.5,100,14300,268931072,836038656,209190912,0
4096,4096,16,16,6.5,100,11020,284557312,837033984,208666624,0
4096,4096,16,16,6.5,100,11410,289148928,836153344,208666624,0
4096,4096,16,16,6.5,100,10800,271007744,835874816,205520896,0
4096,4096,16,16,6.5,100,11330,290009088,834756608,208666624,0
4096,4096,16,16,6.5,100,3090,289280000,835444736,200802304,1
4096,4096,16,16,6.5,100,11050,278736896,843468800,199229440,1
4096,4096,16,16,6.5,100,11070,285749248,833703936,208666624,0
4096,4096,16,16,6.5,100,11010,294043648,842518528,208142336,1
4096,4096,16,16,6.5,100,12050,284303360,838709248,208666624,0
4096,4096,16,16,6.5,100,14250,276078592,836902912,209190912,0
4096,4096,16,16,6.5,100,14130,274735104,834916352,209190912,0
4096,4096,16,16,6.5,100,14130,275021824,836538368,209190912,0
4096,4096,16,16,6.5,100,13050,274153472,839671808,206569472,1
4096,4096,16,16,6.5,100,13260,278110208,841957376,209190912,1
4096,4096,16,16,6.5,100,14320,264798208,838361088,209190912,0
4096,4096,16,16,6.5,100,13970,275472384,836141056,209190912,0
4096,4096,16,16,6.5,100,14430,276893696,838094848,209190912,0
4096,4096,16,16,6.5,100,10520,275374080,841273344,201326592,1
4096,4096,16,16,6.5,100,1280,271650816,834838528,196083712,1
4096,4096,16,16,6.5,100,1360,276377600,832524288,200802304,1
4096,4096,16,16,6.5,100,1340,280035328,832872448,193986560,1
4096,4096,16,16,6.5,100,1380,277311488,833769472,200802304,1
4096,4096,16,16,6.5,100,1250,279408640,834158592,193986560,1
4096,4096,16,16,6.5,100,10930,285614080,835842048,208666624,1
4096,4096,16,16,6.5,100,11810,285446144,837509120,208666624,0
4096,4096,16,16,6.5,100,1230,271265792,833781760,201850880,1
4096,4096,16,16,6.5,100,10670,283369472,834396160,208666624,1
4096,4096,16,16,6.5,100,1340,276459520,834379776,200802304,1
4096,4096,16,16,6.5,100,11080,281858048,835928064,208666624,1
4096,4096,16,16,6.5,100,11380,281288704,836939776,208666624,0
4096,4096,16,16,6.5,100,1260,276926464,834129920,200802304,1
4096,4096,16,16,6.5,100,11270,285253632,838180864,208666624,0
4096,4096,16,16,6.5,100,10740,271314944,837828608,201850880,0
4096,4096,16,16,6.5,100,14140,266264576,837980160,209190912,0
4096,4096,16,16,6.5,100,14070,276815872,836911104,209190912,0
4096,4096,16,16,6.5,100,12990,273117184,839282688,206569472,1
4096,4096,16,16,6.5,100,14640,276602880,838189056,209190912,0
4096,4096,16,16,6.5,100,14210,275894272,835018752,209190912,0
4096,4096,16,16,6.5,100,12930,276365312,840216576,203948032,1
4096,4096,16,16,6.5,100,13880,278355968,837398528,209190912,0
4096,4096,16,16,6.5,30,14270,273784832,838963200,209190912,0
4096,4096,16,16,6.5,30,10600,276004864,835538944,201326592,1
4096,4096,16,16,6.5,30,10300,273551360,836984832,201326592,1
4096,4096,16,16,6.5,30,11140,292614144,839225344,208666624,1
4096,4096,16,16,6.5,30,11510,283926528,836800512,208666624,0
4096,4096,16,16,6.5,30,1340,279134208,834174976,200802304,1
4096,4096,16,16,6.5,30,11020,289968128,838488064,208666624,0
4096,4096,16,16,6.5,30,1380,280068096,833982464,200802304,1
4096,4096,16,16,6.5,30,10840,272879616,840425472,199753728,0
4096,4096,16,16,6.5,30,1350,275685376,832552960,200802304,1
4096,4096,16,16,6.5,30,1370,276508672,834097152,200802304,1
4096,4096,16,16,6.5,30,1410,276303872,833097728,200802304,1
4096,4096,16,16,6.5,30,10960,281706496,835497984,208666624,1
4096,4096,16,16,6.5,30,1390,276959232,833495040,200802304,1
4096,4096,16,16,6.5,30,1340,276934656,832507904,200802304,1
4096,4096,16,16,6.5,30,12050,282333184,836132864,208666624,0
4096,4096,16,16,6.5,30,1340,283643904,835502080,200802304,1
4096,4096,16,16,6.5,30,14070,276045824,836505600,209190912,0
4096,4096,16,16,6.5,30,14220,275009536,836943872,209190912,0
4096,4096,16,16,6.5,30,14330,271929344,837685248,209190912,0
4096,4096,16,16,6.5,30,12910,272584704,837513216,206569472,1
4096,4096,16,16,6.5,30,14200,276881408,836984832,209190912,0
4096,4096,16,16,6.5,30,14360,274296832,837816320,209190912,0
4096,4096,16,16,6.5,30,14260,275468288,837226496,209190912,0
4096,4096,16,16,6.5,30,13080,273719296,837656576,201850880,1
4096,4096,16,16,6.5,30,10990,293634048,838283264,208142336,1
4096,4096,16,16,6.5,30,11280,272695296,835264512,203423744,0
4096,4096,16,16,6.5,30,11010,281018368,836800512,208666624,0
4096,4096,16,16,6.5,30,3140,292593664,837308416,200802304,1
4096,4096,16,16,6.5,30,10830,271552512,836046848,195559424,0
4096,4096,16,16,6.5,30,11980,286437376,838496256,208666624,0
4096,4096,16,16,6.5,30,11030,285638656,836227072,208666624,0
4096,4096,16,16,6.5,30,10530,278056960,840097792,197132288,1
4096,4096,16,16,6.5,30,11340,283111424,837132288,208666624,0
4096,4096,16,16,6.5,30,12880,275955712,843415552,206569472,1
4096,4096,16,16,6.5,30,14270,274595840,835989504,209190912,0
4096,4096,16,16,6.5,30,13130,269570048,835403776,199753728,1
4096,4096,16,16,6.5,30,14310,276590592,836894720,209190912,0
4096,4096,16,16,6.5,30,13880,264019968,837095424,209190912,0
4096,4096,16,16,6.5,30,14030,264003584,837578752,201850880,0
4096,4096,16,16,6.5,30,14280,274857984,837537792,209190912,0
4096,4096,16,16,6.5,30,14100,275664896,838049792,209190912,0
4096,4096,16,16,6.5,30,10810,266436608,834416640,199229440,1
4096,4096,16,16,6.5,30,1390,278757376,834088960,200802304,1
4096,4096,16,16,6.5,30,11110,287420416,837165056,208666624,0
4096,4096,16,16,6.5,30,11190,288288768,838336512,208666624,1
4096,4096,16,16,6.5,30,11470,281980928,836960256,208666624,0
4096,4096,16,16,6.5,30,1250,283467776,833839104,193986560,1
4096,4096,16,16,6.5,30,1360,278487040,833794048,200802304,1
4096,4096,16,16,6.5,30,1330,278888448,833462272,200802304,1
4096,4096,16,4,2,100,10880,285736960,836108288,208666624,0
4096,4096,16,4,2,100,1450,271495168,833310720,201850880,1
4096,4096,16,4,2,100,1370,280821760,833695744,200802304,1
4096,4096,16,4,2,100,10740,291135488,835837952,208666624,1
4096,4096,16,4,2,100,1440,268800000,831762432,201850880,1
4096,4096,16,4,2,100,1420,274505728,830558208,200802304,1
4096,4096,16,4,2,100,10590,291389440,840658944,208666624,1
4096,4096,16,4,2,100,12310,284377088,838393856,208666624,0
4096,4096,16,4,2,100,14410,275398656,837849088,209190912,0
4096,4096,16,4,2,100,14150,274644992,837238784,209190912,0
4096,4096,16,4,2,100,14010,275734528,838463488,209190912,0
4096,4096,16,4,2,100,13210,268075008,835129344,209190912,1
4096,4096,16,4,2,100,13870,277172224,838795264,209190912,0
4096,4096,16,4,2,100,14350,275296256,838336512,209190912,0
4096,4096,16,4,2,100,13050,271167488,834420736,203948032,1
4096,4096,16,4,2,100,14320,276590592,836276224,209190912,0
4096,4096,16,4,2,100,1430,277807104,833359872,200802304,1
4096,4096,16,4,2,100,10910,291799040,836546560,208666624,0
4096,4096,16,4,2,100,1240,277893120,833339392,200802304,1
4096,4096,16,4,2,100,1320,277671936,833990656,200802304,1
4096,4096,16,4,2,100,1400,274235392,834027520,196083712,1
4096,4096,16,4,2,100,1350,278208512,834572288,200802304,1
4096,4096,16,4,2,100,11170,290742272,837505024,208666624,0
4096,4096,16,4,2,100,11950,282673152,837193728,208666624,0
4096,4096,16,4,2,100,10870,271060992,837296128,197132288,1
4096,4096,16,4,2,100,10640,275632128,835518464,201326592,1
4096,4096,16,4,2,100,1340,270462976,833773568,201850880,1
4096,4096,16,4,2,100,11160,292196352,838873088,208666624,1
4096,4096,16,4,2,100,10450,271147008,836939776,199229440,1
4096,4096,16,4,2,100,1350,280850432,835317760,200802304,1
4096,4096,16,4,2,100,1310,280674304,834838528,200802304,1
4096,4096,16,4,2,100,11440,293584896,837455872,208666624,0
4096,4096,16,4,2,100,14350,276496384,837627904,209190912,0
4096,4096,16,4,2,100,13080,274223104,839524352,209190912,1
4096,4096,16,4,2,100,14210,276144128,835473408,209190912,0
4096,4096,16,4,2,100,14050,274829312,835866624,208666624,0
4096,4096,16,4,2,100,14120,276692992,838381568,209190912,0
4096,4096,16,4,2,100,14290,275419136,837734400,209190912,0
4096,4096,16,4,2,100,14120,264798208,836993024,206569472,0
4096,4096,16,4,2,100,13020,271630336,837763072,209190912,1
4096,4096,16,4,2,100,11440,275001344,838037504,208666624,0
4096,4096,16,4,2,100,12260,284196864,845361152,208666624,1
4096,4096,16,4,2,100,11080,264732672,834326528,197656576,0
4096,4096,16,4,2,100,12030,283111424,839180288,208666624,0
4096,4096,16,4,2,100,3410,281505792,830054400,200802304,1
4096,4096,16,4,2,100,10970,273408000,835997696,208666624,0
4096,4096,16,4,2,100,11500,278822912,851910656,206045184,1
4096,4096,16,4,2,100,11640,278437888,836608000,208666624,0
4096,4096,16,4,2,100,11050,278077440,838905856,208666624,0
4096,4096,16,4,2,100,14160,294768640,848433152,209190912,1
4096,4096,16,4,2,30,13850,275226624,846376960,201326592,0
4096,4096,16,4,2,30,14380,291004416,849965056,209190912,1
4096,4096,16,4,2,30,14480,266649600,837517312,209190912,0
4096,4096,16,4,2,30,14290,265977856,836206592,209190912,0
4096,4096,16,4,2,30,14510,265256960,837996544,209190912,0
4096,4096,16,4,2,30,14570,267067392,835031040,209190912,0
4096,4096,16,4,2,30,14570,267517952,836931584,208666624,0
4096,4096,16,4,2,30,11540,286867456,836415488,208666624,0
4096,4096,16,4,2,30,11130,283054080,833679360,208666624,0
4096,4096,16,4,2,30,11220,287342592,840765440,208666624,0
4096,4096,16,4,2,30,1360,282189824,833667072,200802304,1
4096,4096,16,4,2,30,11990,286949376,845840384,208666624,1
4096,4096,16,4,2,30,12110,287657984,837586944,208666624,0
4096,4096,16,4,2,30,1490,270180352,832335872,200802304,1
4096,4096,16,4,2,30,11760,285261824,846393344,208666624,1
4096,4096,16,4,2,30,1260,283373568,832786432,200802304,1
4096,4096,16,4,2,30,1330,281112576,833282048,200802304,1
4096,4096,16,4,2,30,11400,290787328,849866752,208666624,1
4096,4096,16,4,2,30,1510,280424448,834134016,200802304,1
4096,4096,16,4,2,30,1460,279552000,830808064,200802304,1
4096,4096,16,4,2,30,1540,275464192,847015936,195035136,1
4096,4096,16,4,2,30,1400,278859776,842858496,195035136,1
4096,4096,16,4,2,30,11900,278548480,846823424,208666624,1
4096,4096,16,4,2,30,14500,267853824,836698112,208666624,0
4096,4096,16,4,2,30,14670,255602688,836497408,206569472,0
4096,4096,16,4,2,30,14440,267841536,838627328,208666624,0
4096,4096,16,4,2,30,14150,288628736,851574784,209190912,1
4096,4096,16,4,2,30,14600,256651264,836313088,199753728,0
4096,4096,16,4,2,30,14290,288866304,843419648,209190912,1
4096,4096,16,4,2,30,15240,254246912,837312512,203948032,0
4096,4096,16,4,2,30,14440,266248192,835731456,208666624,0
4096,4096,16,4,2,30,1390,275976192,831176704,201850880,1
4096,4096,16,4,2,30,1470,283779072,839471104,193986560,1
4096,4096,16,4,2,30,12090,288038912,839884800,208666624,0
4096,4096,16,4,2,30,11440,281522176,845987840,208666624,1
4096,4096,16,4,2,30,1350,270131200,833572864,202899456,1
4096,4096,16,4,2,30,1290,270979072,839118848,202899456,1
4096,4096,16,4,2,30,11950,288358400,850370560,208666624,1
4096,4096,16,4,2,30,1370,276459520,842833920,195035136,1
4096,4096,16,4,2,30,11170,292962304,835112960,208666624,0
4096,4096,16,4,2,30,11590,284033024,837414912,208666624,0
4096,4096,16,4,2,30,11670,289488896,848482304,208666624,1
4096,4096,16,4,2,30,11150,289038336,842199040,208666624,0
4096,4096,16,4,2,30,1520,280502272,831733760,200802304,1
4096,4096,16,4,2,30,1490,276750336,832040960,200802304,1
4096,4096,16,4,2,30,11010,285536256,841211904,208666624,0
4096,4096,16,4,2,30,1520,275394560,845582336,195035136,1
4096,4096,16,4,2,30,14800,265687040,835960832,208666624,0
4096,4096,16,4,2,30,14740,266371072,835145728,208666624,0
4096,4096,16,4,2,30,15010,251908096,836849664,206569472,0
4096,4096,16,4,6.5,100,14060,302018560,853774336,209190912,1
4096,4096,16,4,6.5,100,14580,265523200,836280320,208666624,0
4096,4096,16,4,6.5,100,14760,254513152,836325376,209190912,0
4096,4096,16,4,6.5,100,14140,290201600,849424384,209190912,1
4096,4096,16,4,6.5,100,15090,259784704,838258688,209190912,0
4096,4096,16,4,6.5,100,11150,291074048,836792320,208666624,0
4096,4096,16,4,6.5,100,3400,285433856,837206016,200802304,1
4096,4096,16,4,6.5,100,11330,277614592,836182016,208666624,0
4096,4096,16,4,6.5,100,11210,277393408,834568192,208666624,0
4096,4096,16,4,6.5,100,11130,282349568,834695168,208666624,0
4096,4096,16,4,6.5,100,11420,287576064,843046912,208666624,1
4096,4096,16,4,6.5,100,11990,285106176,835792896,208666624,1
4096,4096,16,4,6.5,100,11800,288034816,837488640,208666624,0
4096,4096,16,4,6.5,100,12050,282296320,837218304,208666624,0
4096,4096,16,4,6.5,100,13940,277000192,837533696,208666624,0
4096,4096,16,4,6.5,100,14210,275873792,836509696,209190912,0
4096,4096,16,4,6.5,100,14040,278855680,836390912,208666624,0
4096,4096,16,4,6.5,100,14220,278560768,837545984,209190912,0
4096,4096,16,4,6.5,100,15050,290566144,849006592,209190912,1
4096,4096,16,4,6.5,100,15020,286625792,835657728,209190912,1
4096,4096,16,4,6.5,100,13750,267124736,837459968,209190912,0
4096,4096,16,4,6.5,100,15100,284258304,835682304,209190912,1
4096,4096,16,4,6.5,100,1260,279007232,834465792,200802304,1
4096,4096,16,4,6.5,100,12040,282501120,842633216,208666624,1
4096,4096,16,4,6.5,100,1480,276246528,842113024,195035136,1
4096,4096,16,4,6.5,100,1320,275382272,838688768,201850880,1
4096,4096,16,4,6.5,100,1350,281051136,833585152,200802304,1
4096,4096,16,4,6.5,100,12080,283860992,838529024,208666624,0
4096,4096,16,4,6.5,100,10900,276619264,841949184,199229440,0
4096,4096,16,4,6.5,100,11490,289738752,843853824,208666624,1
4096,4096,16,4,6.5,100,1400,280829952,834281472,200802304,1
4096,4096,16,4,6.5,100,10910,286494720,836853760,208666624,0
4096,4096,16,4,6.5,100,11640,285880320,836132864,208666624,0
4096,4096,16,4,6.5,100,1480,278867968,831766528,200802304,1
4096,4096,16,4,6.5,100,12080,287178752,849879040,208666624,1
4096,4096,16,4,6.5,100,1400,280698880,846282752,195035136,1
4096,4096,16,4,6.5,100,12200,297041920,854495232,208666624,1
4096,4096,16,4,6.5,100,1430,280698880,841752576,200802304,1
4096,4096,16,4,6.5,100,14020,292188160,846286848,209190912,0
4096,4096,16,4,6.5,100,14270,279900160,836726784,209190912,0
4096,4096,16,4,6.5,100,14340,296525824,849076224,209190912,1
4096,4096,16,4,6.5,100,14170,277966848,836022272,209190912,0
4096,4096,16,4,6.5,100,14090,279195648,836866048,209190912,0
4096,4096,16,4,6.5,100,14200,289226752,846200832,209190912,1
4096,4096,16,4,6.5,100,14250,276721664,834646016,209190912,0
4096,4096,16,4,6.5,100,14000,268783616,840204288,197656576,0
4096,4096,16,4,6.5,100,1500,283840512,841261056,200802304,1
4096,4096,16,4,6.5,100,1540,272723968,844591104,195035136,1
4096,4096,16,4,6.5,100,11270,291618816,834916352,208666624,0
4096,4096,16,4,6.5,100,10970,294486016,837324800,208666624,0
4096,4096,16,4,6.5,30,11600,292900864,841670656,208666624,0
4096,4096,16,4,6.5,30,1430,272179200,832139264,201850880,1
4096,4096,16,4,6.5,30,1400,276201472,832008192,200802304,1
4096,4096,16,4,6.5,30,11920,276627456,845373440,208666624,1
4096,4096,16,4,6.5,30,12270,294846464,835768320,208666624,0
4096,4096,16,4,6.5,30,1350,278573056,835928064,200802304,1
4096,4096,16,4,6.5,30,1420,281624576,834498560,200802304,1
4096,4096,16,4,6.5,30,12030,287719424,847941632,208666624,1
4096,4096,16,4,6.5,30,11100,292151296,838414336,208666624,0
4096,4096,16,4,6.5,30,1340,274051072,834273280,201850880,1
4096,4096,16,4,6.5,30,12670,289095680,848011264,208666624,1
4096,4096,16,4,6.5,30,1410,274542592,846639104,195035136,1
4096,4096,16,4,6.5,30,14220,275230720,840630272,209190912,0
4096,4096,16,4,6.5,30,14400,268386304,836505600,209190912,0
4096,4096,16,4,6.5,30,14340,268132352,836796416,209190912,0
4096,4096,16,4,6.5,30,14370,291389440,847495168,209190912,1
4096,4096,16,4,6.5,30,14500,282877952,842117120,209190912,1
4096,4096,16,4,6.5,30,14220,267776000,837619712,209190912,0
4096,4096,16,4,6.5,30,14320,265326592,835403776,209190912,0
4096,4096,16,4,6.5,30,14290,268025856,838107136,208666624,0
4096,4096,16,4,6.5,30,11990,279183360,836665344,208666624,0
4096,4096,16,4,6.5,30,11150,278159360,835710976,208666624,0
4096,4096,16,4,6.5,30,11060,275648512,836349952,208666624,0
4096,4096,16,4,6.5,30,11620,280961024,836579328,208666624,0
4096,4096,16,4,6.5,30,11290,275750912,835248128,208666624,0
4096,4096,16,4,6.5,30,11290,281452544,836448256,208666624,0
4096,4096,16,4,6.5,30,3320,280317952,837623808,201326592,1
4096,4096,16,4,6.5,30,12230,290275328,852049920,208666624,1
4096,4096,16,4,6.5,30,12570,278040576,846581760,208142336,1
4096,4096,16,4,6.5,30,14640,267538432,836575232,208142336,0
4096,4096,16,4,6.5,30,14660,267595776,836640768,208666624,0
4096,4096,16,4,6.5,30,14210,291336192,845533184,209190912,1
4096,4096,16,4,6.5,30,14530,267882496,836829184,208666624,0
4096,4096,16,4,6.5,30,14600,268701696,836767744,208666624,0
4096,4096,16,4,6.5,30,14180,288641024,846012416,209190912,1
4096,4096,16,4,6.5,30,14450,267776000,838758400,208666624,0
4096,4096,16,4,6.5,30,14780,267337728,836444160,209190912,0
4096,4096,16,4,6.5,30,12100,282591232,842227712,208666624,0
4096,4096,16,4,6.5,30,1430,282808320,831844352,200802304,1
4096,4096,16,4,6.5,30,1430,275988480,842833920,195035136,1
4096,4096,16,4,6.5,30,1400,275550208,846630912,195035136,1
4096,4096,16,4,6.5,30,11390,283705344,845627392,208666624,1
4096,4096,16,4,6.5,30,11560,296898560,854982656,208666624,1
4096,4096,16,4,6.5,30,1440,272949248,837009408,201850880,1
4096,4096,16,4,6.5,30,1380,275992576,835330048,201850880,1
4096,4096,16,4,6.5,30,1540,274059264,843005952,195035136,1
4096,4096,16,4,6.5,30,11160,280178688,835792896,208666624,0
4096,4096,16,4,6.5,30,1380,274984960,834371584,202899456,1
4096,4096,16,4,6.5,30,12120,298627072,849797120,208666624,1
4096,4096,16,4,6.5,30,11120,277868544,839901184,208666624,0
4096,4096,4,16,2,100,11200,286044160,833531904,208666624,0
4096,4096,4,16,2,100,11460,276144128,839544832,208666624,0
4096,4096,4,16,2,100,1320,278970368,834265088,200802304,1
4096,4096,4,16,2,100,15310,254779392,836546560,208142336,0
4096,4096,4,16,2,100,14720,253349888,836096000,203948032,0
4096,4096,4,16,2,100,14600,264114176,833622016,209190912,0
4096,4096,4,16,2,100,14620,267972608,838381568,209190912,0
4096,4096,4,16,2,100,14680,266645504,836845568,208666624,0
4096,4096,4,16,2,100,14020,282611712,850092032,207093760,1
4096,4096,4,16,2,100,13990,274399232,847032320,204996608,1
4096,4096,4,16,2,100,14370,265494528,836059136,208666624,0
4096,4096,4,16,2,100,1470,277684224,844410880,195035136,1
4096,4096,4,16,2,100,12280,296771584,847843328,208666624,1
4096,4096,4,16,2,100,1360,268251136,833724416,201850880,1
4096,4096,4,16,2,100,11320,288956416,843681792,208666624,0
4096,4096,4,16,2,100,1380,280821760,837787648,200802304,1
4096,4096,4,16,2,100,10810,272592896,833974272,197132288,0
4096,4096,4,16,2,100,1450,274366464,833421312,201850880,1
4096,4096,4,16,2,100,1450,282730496,839102464,200802304,1
4096,4096,4,16,2,100,1300,274075648,835076096,196083712,1
4096,4096,4,16,2,100,11550,290705408,847028224,208666624,1
4096,4096,4,16,2,100,12270,286982144,834609152,208666624,0
4096,4096,4,16,2,100,11500,286093312,839819264,208666624,0
4096,4096,4,16,2,100,11640,277348352,846331904,206045184,1
4096,4096,4,16,2,100,1430,276496384,847728640,196083712,1
4096,4096,4,16,2,100,11270,286285824,836505600,208666624,0
4096,4096,4,16,2,100,1410,276115456,847130624,195035136,1
4096,4096,4,16,2,100,14580,264630272,837906432,208666624,0
4096,4096,4,16,2,100,14220,288649216,848556032,209190912,1
4096,4096,4,16,2,100,14850,263389184,837398528,209190912,0
4096,4096,4,16,2,100,14560,265179136,837853184,208666624,0
4096,4096,4,16,2,100,15330,252469248,837791744,209190912,0
4096,4096,4,16,2,100,14560,252915712,838750208,197656576,0
4096,4096,4,16,2,100,14820,266235904,838488064,208666624,0
4096,4096,4,16,2,100,14330,293941248,846954496,209190912,1
4096,4096,4,16,2,100,11060,272498688,837636096,208666624,0
4096,4096,4,16,2,100,3440,286609408,833404928,200802304,1
4096,4096,4,16,2,100,11720,270729216,837464064,208666624,0
4096,4096,4,16,2,100,11370,276348928,839688192,208666624,0
4096,4096,4,16,2,100,11830,290832384,849711104,208666624,1
4096,4096,4,16,2,100,11420,275251200,839618560,208666624,0
4096,4096,4,16,2,100,11150,259039232,837435392,203423744,0
4096,4096,4,16,2,100,12240,271769600,837087232,208666624,0
4096,4096,4,16,2,100,11260,291864576,845754368,208666624,1
4096,4096,4,16,2,100,14220,289628160,846393344,209190912,1
4096,4096,4,16,2,100,14060,276508672,838709248,208142336,0
4096,4096,4,16,2,100,14400,273944576,837296128,209190912,0
4096,4096,4,16,2,100,13740,277471232,850329600,198180864,0
4096,4096,4,16,2,100,14140,276123648,836243456,209190912,0
4096,4096,4,16,2,100,14280,262905856,836661248,199229440,0
4096,4096,4,16,2,30,14310,263372800,836427776,201850880,0
4096,4096,4,16,2,30,14130,285786112,844136448,209190912,1
4096,4096,4,16,2,30,11230,284516352,838242304,208666624,0
4096,4096,4,16,2,30,1410,286392320,852537344,195035136,1
4096,4096,4,16,2,30,11910,285229056,842690560,208666624,0
4096,4096,4,16,2,30,1440,270262272,834875392,202899456,1
4096,4096,4,16,2,30,1430,275197952,846729216,195035136,1
4096,4096,4,16,2,30,1460,280547328,833912832,200802304,1
4096,4096,4,16,2,30,11780,289742848,844218368,208666624,1
4096,4096,4,16,2,30,10990,281825280,836091904,208666624,0
4096,4096,4,16,2,30,1430,281305088,834891776,200802304,1
4096,4096,4,16,2,30,11670,285786112,840368128,208666624,0
4096,4096,4,16,2,30,11980,289415168,850472960,208666624,1
4096,4096,4,16,2,30,1460,279928832,830832640,200802304,1
4096,4096,4,16,2,30,1460,276324352,843091968,196083712,1
4096,4096,4,16,2,30,1400,274329600,844210176,195559424,1
4096,4096,4,16,2,30,11750,282009600,845049856,208666624,1
4096,4096,4,16,2,30,11690,285421568,844603392,208666624,1
4096,4096,4,16,2,30,14190,292495360,846446592,209190912,1
4096,4096,4,16,2,30,14880,265039872,837283840,209190912,0
4096,4096,4,16,2,30,14490,254660608,836067328,199753728,0
4096,4096,4,16,2,30,14790,263262208,834904064,208666624,0
4096,4096,4,16,2,30,14270,286466048,848052224,209190912,1
4096,4096,4,16,2,30,14410,267141120,836608000,209190912,0
4096,4096,4,16,2,30,14950,265764864,837099520,208666624,0
4096,4096,4,16,2,30,14680,266756096,837271552,209190912,0
4096,4096,4,16,2,30,1390,280555520,832540672,200802304,1
4096,4096,4,16,2,30,1480,277037056,847515648,195035136,1
4096,4096,4,16,2,30,12020,299175936,849158144,208666624,1
4096,4096,4,16,2,30,11360,286543872,845635584,208666624,1
4096,4096,4,16,2,30,1420,280956928,837779456,193986560,1
4096,4096,4,16,2,30,11620,275632128,848965632,208666624,1
4096,4096,4,16,2,30,1440,280322048,833806336,200802304,1
4096,4096,4,16,2,30,1310,281792512,839442432,200802304,1
4096,4096,4,16,2,30,11590,286523392,839880704,208666624,0
4096,4096,4,16,2,30,12130,283082752,832499712,208666624,0
4096,4096,4,16,2,30,1450,278073344,847937536,196083712,1
4096,4096,4,16,2,30,11730,289017856,848564224,208666624,1
4096,4096,4,16,2,30,1530,280780800,842600448,196083712,1
4096,4096,4,16,2,30,10930,285614080,837558272,208666624,0
4096,4096,4,16,2,30,1470,275988480,848089088,195035136,1
4096,4096,4,16,2,30,10930,287105024,843481088,208666624,0
4096,4096,4,16,2,30,14280,274161664,838414336,209190912,0
4096,4096,4,16,2,30,13960,260161536,837459968,203948032,0
4096,4096,4,16,2,30,14330,294957056,844513280,209190912,0
4096,4096,4,16,2,30,15320,298442752,857251840,209190912,1
4096,4096,4,16,2,30,14270,272445440,837685248,208666624,0
4096,4096,4,16,2,30,15630,289349632,835674112,209190912,1
4096,4096,4,16,2,30,14500,272986112,839020544,209190912,0
4096,4096,4,16,2,30,15230,275521536,845955072,207093760,1
4096,4096,4,16,6.5,100,3470,282677248,834629632,200278016,1
4096,4096,4,16,6.5,100,12210,277831680,838262784,208666624,0
4096,4096,4,16,6.5,100,11890,285396992,844214272,208666624,1
4096,4096,4,16,6.5,100,12600,285110272,846270464,208666624,1
4096,4096,4,16,6.5,100,10810,267436032,838295552,203423744,0
4096,4096,4,16,6.5,100,11500,263770112,836935680,199229440,0
4096,4096,4,16,6.5,100,11130,281161728,836575232,208666624,0
4096,4096,4,16,6.5,100,11490,285687808,836182016,208666624,0
4096,4096,4,16,6.5,100,11000,278999040,836755456,208666624,0
4096,4096,4,16,6.5,100,14400,255205376,837455872,191889408,0
4096,4096,4,16,6.5,100,14070,299630592,857636864,209190912,1
4096,4096,4,16,6.5,100,14320,264896512,834207744,209190912,0
4096,4096,4,16,6.5,100,14570,268746752,836108288,208666624,0
4096,4096,4,16,6.5,100,14340,268402688,836841472,209190912,0
4096,4096,4,16,6.5,100,14110,290250752,852656128,209190912,1
4096,4096,4,16,6.5,100,14380,268414976,838713344,209190912,0
4096,4096,4,16,6.5,100,14470,267206656,837591040,208666624,0
4096,4096,4,16,6.5,100,11080,287178752,841703424,208666624,0
4096,4096,4,16,6.5,100,1490,279609344,834990080,193986560,1
4096,4096,4,16,6.5,100,1430,284311552,836128768,200802304,1
4096,4096,4,16,6.5,100,11210,285315072,840138752,208666624,0
4096,4096,4,16,6.5,100,11730,285700096,835887104,208666624,0
4096,4096,4,16,6.5,100,12190,285802496,842915840,208666624,0
4096,4096,4,16,6.5,100,1420,274247680,836755456,201850880,1
4096,4096,4,16,6.5,100,11530,292614144,851738624,208666624,1
4096,4096,4,16,6.5,100,11290,292696064,840470528,208666624,0
4096,4096,4,16,6.5,100,1520,276578304,841588736,195035136,1
4096,4096,4,16,6.5,100,1410,276557824,842108928,196083712,1
4096,4096,4,16,6.5,100,1460,280403968,833122304,193986560,1
4096,4096,4,16,6.5,100,1400,277495808,833544192,200802304,1
4096,4096,4,16,6.5,100,11410,297955328,857841664,208666624,1
4096,4096,4,16,6.5,100,12070,290426880,844627968,208666624,1
4096,4096,4,16,6.5,100,1460,280924160,837373952,200802304,1
4096,4096,4,16,6.5,100,14280,287465472,846307328,209190912,1
4096,4096,4,16,6.5,100,14540,266211328,837799936,209190912,0
4096,4096,4,16,6.5,100,14660,264728576,836157440,208666624,0
4096,4096,4,16,6.5,100,14440,263135232,837066752,208666624,0
4096,4096,4,16,6.5,100,14970,264892416,837750784,209190912,0
4096,4096,4,16,6.5,100,14520,254267392,837758976,201850880,0
4096,4096,4,16,6.5,100,14060,286748672,835657728,209190912,1
4096,4096,4,16,6.5,100,14540,265928704,836820992,209190912,0
4096,4096,4,16,6.5,100,1460,280641536,832593920,200802304,1
4096,4096,4,16,6.5,100,11950,287657984,836419584,208666624,0
4096,4096,4,16,6.5,100,11840,290799616,852758528,208666624,1
4096,4096,4,16,6.5,100,1350,278458368,828669952,200802304,1
4096,4096,4,16,6.5,100,1300,280657920,836329472,200802304,1
4096,4096,4,16,6.5,100,1420,281702400,835424256,200802304,1
4096,4096,4,16,6.5,100,11480,287436800,847384576,208666624,1
4096,4096,4,16,6.5,100,1370,275181568,832348160,201850880,1
4096,4096,4,16,6.5,100,1420,272310272,839143424,196083712,1
4096,4096,4,16,6.5,30,11790,288739328,849788928,208666624,1
4096,4096,4,16,6.5,30,11210,285876224,835526656,208666624,0
4096,4096,4,16,6.5,30,12030,284876800,845803520,208666624,1
4096,4096,4,16,6.5,30,10940,286732288,835342336,208666624,0
4096,4096,4,16,6.5,30,1330,277991424,834711552,200802304,1
4096,4096,4,16,6.5,30,11540,283582464,836771840,208666624,0
4096,4096,4,16,6.5,30,1310,279990272,832561152,200802304,1
4096,4096,4,16,6.5,30,14880,260186112,836071424,208666624,0
4096,4096,4,16,6.5,30,14190,292421632,847257600,209190912,1
4096,4096,4,16,6.5,30,14730,252432384,836243456,203948032,0
4096,4096,4,16,6.5,30,14400,276385792,848494592,209190912,1
4096,4096,4,16,6.5,30,14770,261324800,836755456,208666624,0
4096,4096,4,16,6.5,30,14580,263086080,836960256,208666624,0
4096,4096,4,16,6.5,30,14880,262127616,836456448,208666624,0
4096,4096,4,16,6.5,30,15600,252784640,836927488,203948032,0
4096,4096,4,16,6.5,30,10930,286007296,836878336,208666624,1
4096,4096,4,16,6.5,30,11830,276987904,844288000,201850880,1
4096,4096,4,16,6.5,30,3100,274006016,832446464,201326592,1
4096,4096,4,16,6.5,30,14150,284274688,835657728,208666624,1
4096,4096,4,16,6.5,30,14200,290344960,847314944,208666624,1
4096,4096,4,16,6.5,30,14300,282980352,835657728,208666624,1
4096,4096,4,16,6.5,30,11270,272949248,834048000,199753728,1
4096,4096,4,16,6.5,30,13510,275673088,844992512,208666624,1
4096,4096,4,16,6.5,30,10960,290041856,839725056,208666624,1
4096,4096,4,16,6.5,30,14820,271917056,841830400,208142336,0
4096,4096,4,16,6.5,30,14850,264388608,835616768,208666624,0
4096,4096,4,16,6.5,30,15640,284631040,843075584,209190912,1
4096,4096,4,16,6.5,30,14250,255340544,837341184,199229440,0
4096,4096,4,16,6.5,30,15540,295923712,844984320,209190912,1
4096,4096,4,16,6.5,30,14850,268300288,837623808,208142336,0
4096,4096,4,16,6.5,30,14300,254455808,836980736,203423744,0
4096,4096,4,16,6.5,30,15760,268861440,842579968,208666624,0
4096,4096,4,16,6.5,30,1370,271781888,834387968,201850880,1
4096,4096,4,16,6.5,30,13260,270856192,835657728,203948032,1
4096,4096,4,16,6.5,30,1340,277889024,835448832,200802304,1
4096,4096,4,16,6.5,30,12980,291528704,835682304,208666624,1
4096,4096,4,16,6.5,30,10910,284819456,839413760,208666624,0
4096,4096,4,16,6.5,30,1400,278650880,832684032,200802304,1
4096,4096,4,16,6.5,30,1640,278302720,844009472,195035136,1
4096,4096,4,16,6.5,30,10960,282607616,836517888,208666624,0
4096,4096,4,16,6.5,30,1640,269672448,832499712,195559424,1
4096,4096,4,16,6.5,30,13110,279572480,835809280,208666624,1
4096,4096,4,16,6.5,30,11890,287682560,837111808,208666624,0
4096,4096,4,16,6.5,30,1350,278466560,835465216,200802304,1
4096,4096,4,16,6.5,30,1310,278212608,834306048,200802304,1
4096,4096,4,16,6.5,30,1690,274419712,832512000,195035136,1
4096,4096,4,16,6.5,30,11360,283959296,837996544,208666624,0
4096,4096,4,16,6.5,30,13190,283709440,849776640,208666624,1
4096,4096,4,16,6.5,30,15190,264572928,836616192,208666624,0
4096,4096,4,16,6.5,30,15560,283697152,835657728,209190912,1
4096,4096,4,4,2,100,14160,268750848,839323648,209190912,0
4096,4096,4,4,2,100,15640,282755072,842223616,209190912,1
4096,4096,4,4,2,100,14970,254050304,842616832,208666624,0
4096,4096,4,4,2,100,15540,241115136,839782400,208666624,0
4096,4096,4,4,2,100,14980,250171392,837189632,205520896,0
4096,4096,4,4,2,100,15580,254578688,837738496,208142336,0
4096,4096,4,4,2,100,12510,272797696,835657728,203948032,1
4096,4096,4,4,2,100,1480,277864448,834383872,200802304,1
4096,4096,4,4,2,100,10990,281776128,835534848,208666624,0
4096,4096,4,4,2,100,1550,274731008,846270464,195035136,1
4096,4096,4,4,2,100,1350,271093760,832712704,201850880,1
4096,4096,4,4,2,100,12210,282796032,833445888,208666624,0
4096,4096,4,4,2,100,11340,270540800,837120000,201326592,0
4096,4096,4,4,2,100,1310,277303296,831741952,200802304,1
4096,4096,4,4,2,100,12350,282288128,835805184,208666624,1
4096,4096,4,4,2,100,1270,274735104,836505600,201850880,1
4096,4096,4,4,2,100,12950,284639232,835809280,208666624,1
4096,4096,4,4,2,100,1550,280584192,853434368,195035136,1
4096,4096,4,4,2,100,1360,279400448,834510848,193986560,1
4096,4096,4,4,2,100,1470,275705856,832659456,200802304,1
4096,4096,4,4,2,100,13110,287494144,843497472,208666624,1
4096,4096,4,4,2,100,11140,286224384,836575232,208666624,0
4096,4096,4,4,2,100,15010,251731968,838615040,191365120,0
4096,4096,4,4,2,100,15690,253292544,838045696,203948032,0
4096,4096,4,4,2,100,15000,257204224,836644864,208666624,0
4096,4096,4,4,2,100,15550,264298496,835977216,209190912,0
4096,4096,4,4,2,100,14610,290021376,849211392,209190912,1
4096,4096,4,4,2,100,14590,285286400,835661824,209190912,1
4096,4096,4,4,2,100,14730,261001216,839372800,208666624,0
4096,4096,4,4,2,100,14290,275820544,842801152,209190912,0
4096,4096,4,4,2,100,12240,279965696,847200256,208666624,1
4096,4096,4,4,2,100,11630,285007872,839458816,208666624,0
4096,4096,4,4,2,100,10880,266645504,839102464,199229440,0
4096,4096,4,4,2,100,12290,283721728,837840896,208666624,0
4096,4096,4,4,2,100,11610,301711360,846667776,208666624,1
4096,4096,4,4,2,100,10940,268423168,835981312,201326592,0
4096,4096,4,4,2,100,3520,287817728,834445312,200802304,1
4096,4096,4,4,2,100,11390,278962176,835219456,208666624,0
4096,4096,4,4,2,100,11040,280539136,839507968,208666624,0
4096,4096,4,4,2,100,15150,282710016,845287424,209190912,1
4096,4096,4,4,2,100,14210,264081408,838348800,199753728,0
4096,4096,4,4,2,100,13950,277037056,837046272,208142336,0
4096,4096,4,4,2,100,13960,262815744,837787648,206569472,0
4096,4096,4,4,2,100,15000,285028352,847294464,209190912,1
4096,4096,4,4,2,100,14290,275091456,836616192,209190912,0
4096,4096,4,4,2,100,13920,276254720,837156864,209190912,0
4096,4096,4,4,2,100,15230,295137280,835657728,209190912,1
4096,4096,4,4,2,100,12560,288198656,850714624,208666624,1
4096,4096,4,4,2,100,1330,282431488,833470464,200802304,1
4096,4096,4,4,2,100,1540,283807744,839589888,200802304,1
4096,4096,4,4,2,30,1470,280399872,832790528,200802304,1
4096,4096,4,4,2,30,12260,279236608,842010624,208666624,1
4096,4096,4,4,2,30,1690,275554304,846983168,195035136,1
4096,4096,4,4,2,30,11660,287621120,835665920,208666624,1
4096,4096,4,4,2,30,1480,279609344,836972544,200802304,1
4096,4096,4,4,2,30,12430,285208576,843358208,208666624,1
4096,4096,4,4,2,30,1420,274894848,846712832,195035136,1
4096,4096,4,4,2,30,11330,272297984,841699328,205520896,0
4096,4096,4,4,2,30,1440,276451328,842592256,195035136,1
4096,4096,4,4,2,30,11870,273530880,842182656,197656576,0
4096,4096,4,4,2,30,10930,276238336,842637312,195559424,0
4096,4096,4,4,2,30,10840,274927616,840765440,197132288,0
4096,4096,4,4,2,30,1550,291016704,860839936,195035136,1
4096,4096,4,4,2,30,15010,263176192,834723840,208666624,0
4096,4096,4,4,2,30,14290,296386560,852074496,209190912,1
4096,4096,4,4,2,30,14790,263962624,835051520,208142336,0
4096,4096,4,4,2,30,14370,288440320,850030592,209190912,1
4096,4096,4,4,2,30,14700,267366400,836186112,208666624,0
4096,4096,4,4,2,30,14850,268767232,836620288,209190912,0
4096,4096,4,4,2,30,14520,266022912,834805760,208666624,0
4096,4096,4,4,2,30,15450,266047488,834772992,209190912,0
4096,4096,4,4,2,30,1230,274448384,830865408,201850880,1
4096,4096,4,4,2,30,11490,283844608,838336512,208666624,0
4096,4096,4,4,2,30,1440,285319168,846106624,196083712,1
4096,4096,4,4,2,30,12150,287232000,842379264,208666624,0
4096,4096,4,4,2,30,1420,274370560,837144576,196083712,1
4096,4096,4,4,2,30,11200,287154176,843354112,208666624,0
4096,4096,4,4,2,30,1440,285589504,836902912,200802304,1
4096,4096,4,4,2,30,12110,287891456,846438400,208666624,1
4096,4096,4,4,2,30,12070,289955840,843841536,208666624,1
4096,4096,4,4,2,30,1340,280186880,831889408,200802304,1
4096,4096,4,4,2,30,10920,277561344,839999488,201326592,0
4096,4096,4,4,2,30,12030,287887360,845533184,208666624,1
4096,4096,4,4,2,30,1490,281432064,831455232,200802304,1
4096,4096,4,4,2,30,1360,281071616,831459328,200802304,1
4096,4096,4,4,2,30,11380,300019712,857354240,208666624,1
4096,4096,4,4,2,30,1550,280371200,847228928,196083712,1
4096,4096,4,4,2,30,14690,266010624,837857280,208666624,0
4096,4096,4,4,2,30,14510,265969664,838397952,208666624,0
4096,4096,4,4,2,30,14290,266727424,837959680,209190912,0
4096,4096,4,4,2,30,14950,266694656,837337088,208666624,0
4096,4096,4,4,2,30,14810,264216576,837165056,208142336,0
4096,4096,4,4,2,30,14510,255000576,837419008,203948032,0
4096,4096,4,4,2,30,14080,271716352,843481088,209190912,1
4096,4096,4,4,2,30,14170,294514688,849354752,209190912,1
4096,4096,4,4,2,30,11870,287191040,837869568,208666624,1
4096,4096,4,4,2,30,10890,288817152,840368128,208666624,1
4096,4096,4,4,2,30,3130,267599872,834097152,197656576,1
4096,4096,4,4,2,30,12350,268181504,835522560,208142336,1
4096,4096,4,4,2,30,12240,268570624,835682304,206045184,1
4096,4096,4,4,6.5,100,11310,284655616,841969664,208666624,1
4096,4096,4,4,6.5,100,11800,279875584,835682304,208666624,1
4096,4096,4,4,6.5,100,10960,283406336,834297856,208666624,1
4096,4096,4,4,6.5,100,12090,280043520,849637376,206045184,1
4096,4096,4,4,6.5,100,14400,258134016,837582848,209190912,0
4096,4096,4,4,6.5,100,14330,268484608,837423104,209190912,0
4096,4096,4,4,6.5,100,14650,269828096,840941568,209190912,0
4096,4096,4,4,6.5,100,14270,264069120,835448832,208666624,0
4096,4096,4,4,6.5,100,14730,258277376,837423104,203948032,0
4096,4096,4,4,6.5,100,14390,283598848,853250048,209190912,1
4096,4096,4,4,6.5,100,14210,280076288,843145216,209190912,1
4096,4096,4,4,6.5,100,14660,266051584,837369856,209190912,0
4096,4096,4,4,6.5,100,1550,274468864,849666048,195035136,1
4096,4096,4,4,6.5,100,11380,287076352,835678208,208666624,0
4096,4096,4,4,6.5,100,10840,281927680,835207168,208666624,0
4096,4096,4,4,6.5,100,12910,286052352,835682304,208666624,1
4096,4096,4,4,6.5,100,1330,275378176,829816832,200802304,1
4096,4096,4,4,6.5,100,1460,283533312,845496320,195035136,1
4096,4096,4,4,6.5,100,1540,273006592,842461184,195035136,1
4096,4096,4,4,6.5,100,11120,281018368,838905856,208666624,0
4096,4096,4,4,6.5,100,12940,290201600,848605184,208666624,1
4096,4096,4,4,6.5,100,1420,277737472,835092480,200802304,1
4096,4096,4,4,6.5,100,1650,274489344,832524288,195559424,1
4096,4096,4,4,6.5,100,13300,282705920,843235328,208666624,1
4096,4096,4,4,6.5,100,1470,272420864,833789952,196083712,1
4096,4096,4,4,6.5,100,12890,283353088,845611008,208666624,1
4096,4096,4,4,6.5,100,12010,287412224,836739072,208666624,0
4096,4096,4,4,6.5,100,1410,275632128,832045056,200802304,1
4096,4096,4,4,6.5,100,14100,269910016,835543040,209190912,0
4096,4096,4,4,6.5,100,14960,287432704,847040512,209190912,1
4096,4096,4,4,6.5,100,15580,256901120,837308416,208666624,0
4096,4096,4,4,6.5,100,15480,261533696,839032832,208666624,0
4096,4096,4,4,6.5,100,14940,262025216,835649536,208666624,0
4096,4096,4,4,6.5,100,15070,286957568,844865536,209190912,1
4096,4096,4,4,6.5,100,14950,252366848,835809280,193462272,0
4096,4096,4,4,6.5,100,15220,259567616,840085504,208666624,0
4096,4096,4,4,6.5,100,1360,277786624,834232320,200802304,1
4096,4096,4,4,6.5,100,13240,292990976,850481152,208666624,1
4096,4096,4,4,6.5,100,1450,274735104,841474048,195035136,1
4096,4096,4,4,6.5,100,12960,287080448,835665920,208666624,1
4096,4096,4,4,6.5,100,1480,275050496,845869056,196083712,1
4096,4096,4,4,6.5,100,1360,279588864,834101248,200802304,1
4096,4096,4,4,6.5,100,11110,282927104,836993024,208666624,0
4096,4096,4,4,6.5,100,12460,283422720,835657728,208666624,1
4096,4096,4,4,6.5,100,1320,277401600,833622016,193986560,1
4096,4096,4,4,6.5,100,11920,283627520,838275072,208666624,0
4096,4096,4,4,6.5,100,1510,278413312,842235904,196083712,1
4096,4096,4,4,6.5,100,1420,277815296,832151552,200802304,1
4096,4096,4,4,6.5,100,1360,275992576,833880064,200802304,1
4096,4096,4,4,6.5,100,12520,283115520,835522560,208666624,1
4096,4096,4,4,6.5,30,11380,283803648,837369856,208666624,0
4096,4096,4,4,6.5,30,10770,271826944,836386816,203948032,0
4096,4096,4,4,6.5,30,14530,242089984,836984832,197656576,0
4096,4096,4,4,6.5,30,14460,246390784,837156864,209190912,0
4096,4096,4,4,6.5,30,14820,277614592,847073280,204996608,1
4096,4096,4,4,6.5,30,13810,273223680,838193152,209190912,0
4096,4096,4,4,6.5,30,14680,260481024,837419008,208666624,0
4096,4096,4,4,6.5,30,15190,245207040,835194880,208666624,0
4096,4096,4,4,6.5,30,15420,252821504,835923968,208666624,0
4096,4096,4,4,6.5,30,15070,292458496,848314368,209190912,1
4096,4096,4,4,6.5,30,10920,282423296,835993600,208666624,1
4096,4096,4,4,6.5,30,11010,290500608,836386816,208666624,1
4096,4096,4,4,6.5,30,12300,296357888,849764352,208666624,1
4096,4096,4,4,6.5,30,3190,271626240,833298432,201326592,1
4096,4096,4,4,6.5,30,11270,270516224,836464640,197132288,1
4096,4096,4,4,6.5,30,12610,271278080,835682304,206045184,1
4096,4096,4,4,6.5,30,12510,284295168,835682304,208666624,1
4096,4096,4,4,6.5,30,12340,281915392,835657728,208666624,1
4096,4096,4,4,6.5,30,12080,284655616,836886528,208666624,1
4096,4096,4,4,6.5,30,15840,267890688,838246400,208666624,0
4096,4096,4,4,6.5,30,14570,266428416,837091328,208142336,0
4096,4096,4,4,6.5,30,14670,274608128,839671808,208666624,0
4096,4096,4,4,6.5,30,14850,291459072,843911168,209190912,1
4096,4096,4,4,6.5,30,14960,266915840,835166208,208142336,0
4096,4096,4,4,6.5,30,14550,272523264,838410240,209190912,0
4096,4096,4,4,6.5,30,14900,294731776,843468800,209190912,1
4096,4096,4,4,6.5,30,14930,266858496,836239360,209190912,0
4096,4096,4,4,6.5,30,13070,283430912,835682304,208666624,1
4096,4096,4,4,6.5,30,13310,287215616,845860864,208666624,1
4096,4096,4,4,6.5,30,14590,287600640,848060416,208666624,1
4096,4096,4,4,6.5,30,1600,271794176,842694656,196083712,1
4096,4096,4,4,6.5,30,10880,288124928,837746688,208666624,0
4096,4096,4,4,6.5,30,1310,275496960,834686976,200802304,1
4096,4096,4,4,6.5,30,1430,277835776,833310720,200802304,1
4096,4096,4,4,6.5,30,10950,288481280,836354048,208666624,0
4096,4096,4,4,6.5,30,1270,280571904,831688704,200802304,1
4096,4096,4,4,6.5,30,11950,283267072,837140480,208666624,0
4096,4096,4,4,6.5,30,1530,274878464,842510336,195035136,1
4096,4096,4,4,6.5,30,1610,275148800,847892480,196083712,1
4096,4096,4,4,6.5,30,1430,270413824,833908736,201850880,1
4096,4096,4,4,6.5,30,1340,278278144,834945024,200802304,1
4096,4096,4,4,6.5,30,11400,271720448,835985408,203423744,0
4096,4096,4,4,6.5,30,13610,289546240,835686400,208666624,1
4096,4096,4,4,6.5,30,14730,266539008,838832128,209190912,0
4096,4096,4,4,6.5,30,15150,272625664,844541952,209190912,1
4096,4096,4,4,6.5,30,14500,269873152,836022272,208666624,0
4096,4096,4,4,6.5,30,15130,300523520,856211456,209190912,1
4096,4096,4,4,6.5,30,15150,274571264,842317824,208666624,0
4096,4096,4,4,6.5,30,14390,269852672,838406144,208666624,0
4096,4096,4,4,6.5,30,14590,267415552,837574656,208666624,0
